Label (Grouping);Total:;    White alone;    Black or African American alone;    American Indian and Alaska Native alone;    Asian alone;    Native Hawaiian and Other Pacific Islander alone;    Some Other Race alone;    Two or More Races:;        Two races including Some Other Race;        Two races excluding Some Other Race, and three or more races
"Block Group 1; Census Tract 1011.10; Los Angeles County; California!!Estimate";1.415;822;91;0;68;0;109;325;193;132
"Block Group 1; Census Tract 1011.10; Los Angeles County; California!!Margin of Error";±353;±292;±143;±13;±52;±13;±155;±214;±178;±94
"Block Group 2; Census Tract 1011.10; Los Angeles County; California!!Estimate";1.826;1.053;30;8;265;0;279;191;115;76
"Block Group 2; Census Tract 1011.10; Los Angeles County; California!!Margin of Error";±379;±258;±41;±16;±142;±13;±254;±112;±93;±63
"Block Group 3; Census Tract 1011.10; Los Angeles County; California!!Estimate";773;551;40;0;57;0;9;116;102;14
"Block Group 3; Census Tract 1011.10; Los Angeles County; California!!Margin of Error";±299;±252;±57;±13;±54;±13;±15;±112;±109;±19
"Block Group 1; Census Tract 1011.22; Los Angeles County; California!!Estimate";2.754;2.070;68;0;375;0;84;157;41;116
"Block Group 1; Census Tract 1011.22; Los Angeles County; California!!Margin of Error";±844;±796;±85;±13;±212;±13;±84;±136;±52;±121
"Block Group 2; Census Tract 1011.22; Los Angeles County; California!!Estimate";1.410;839;8;22;207;0;156;178;82;96
"Block Group 2; Census Tract 1011.22; Los Angeles County; California!!Margin of Error";±374;±254;±14;±38;±190;±13;±139;±114;±84;±79
"Block Group 1; Census Tract 1012.20; Los Angeles County; California!!Estimate";1.307;727;0;0;176;0;155;249;194;55
"Block Group 1; Census Tract 1012.20; Los Angeles County; California!!Margin of Error";±278;±227;±13;±13;±121;±13;±217;±215;±210;±52
"Block Group 2; Census Tract 1012.20; Los Angeles County; California!!Estimate";2.174;1.177;0;87;257;0;314;339;308;31
"Block Group 2; Census Tract 1012.20; Los Angeles County; California!!Margin of Error";±432;±261;±13;±101;±166;±13;±238;±242;±239;±33
"Block Group 1; Census Tract 1012.21; Los Angeles County; California!!Estimate";1.011;447;0;0;193;0;243;128;128;0
"Block Group 1; Census Tract 1012.21; Los Angeles County; California!!Margin of Error";±359;±246;±13;±13;±188;±13;±252;±136;±136;±13
"Block Group 2; Census Tract 1012.21; Los Angeles County; California!!Estimate";2.745;1.734;101;35;121;0;468;286;226;60
"Block Group 2; Census Tract 1012.21; Los Angeles County; California!!Margin of Error";±670;±627;±82;±59;±109;±13;±306;±225;±204;±73
"Block Group 1; Census Tract 1012.22; Los Angeles County; California!!Estimate";2.808;1.525;15;74;138;37;45;974;887;87
"Block Group 1; Census Tract 1012.22; Los Angeles County; California!!Margin of Error";±424;±553;±26;±113;±164;±61;±68;±589;±445;±192
"Block Group 1; Census Tract 1013; Los Angeles County; California!!Estimate";1.080;814;40;0;38;0;152;36;18;18
"Block Group 1; Census Tract 1013; Los Angeles County; California!!Margin of Error";±341;±320;±64;±13;±40;±13;±162;±41;±30;±28
"Block Group 2; Census Tract 1013; Los Angeles County; California!!Estimate";980;666;26;0;152;0;10;126;80;46
"Block Group 2; Census Tract 1013; Los Angeles County; California!!Margin of Error";±363;±321;±32;±13;±103;±13;±22;±90;±76;±43
"Block Group 3; Census Tract 1013; Los Angeles County; California!!Estimate";1.077;1.001;0;0;9;0;12;55;44;11
"Block Group 3; Census Tract 1013; Los Angeles County; California!!Margin of Error";±283;±268;±13;±13;±14;±13;±21;±58;±56;±18
"Block Group 4; Census Tract 1013; Los Angeles County; California!!Estimate";934;737;0;0;11;0;0;186;46;140
"Block Group 4; Census Tract 1013; Los Angeles County; California!!Margin of Error";±346;±316;±13;±13;±18;±13;±13;±139;±50;±133
"Block Group 1; Census Tract 1014; Los Angeles County; California!!Estimate";1.079;677;0;0;137;0;246;19;0;19
"Block Group 1; Census Tract 1014; Los Angeles County; California!!Margin of Error";±361;±304;±13;±13;±129;±13;±235;±37;±13;±37
"Block Group 2; Census Tract 1014; Los Angeles County; California!!Estimate";1.113;646;47;0;141;0;58;221;135;86
"Block Group 2; Census Tract 1014; Los Angeles County; California!!Margin of Error";±335;±201;±71;±13;±118;±13;±59;±241;±179;±71
"Block Group 3; Census Tract 1014; Los Angeles County; California!!Estimate";1.298;846;12;0;113;0;0;327;103;224
"Block Group 3; Census Tract 1014; Los Angeles County; California!!Margin of Error";±299;±286;±22;±13;±98;±13;±13;±280;±75;±226
"Block Group 1; Census Tract 1021.03; Los Angeles County; California!!Estimate";1.834;1.512;23;0;242;0;12;45;11;34
"Block Group 1; Census Tract 1021.03; Los Angeles County; California!!Margin of Error";±502;±494;±42;±13;±158;±13;±19;±37;±13;±33
"Block Group 1; Census Tract 1021.04; Los Angeles County; California!!Estimate";3.123;2.356;82;10;228;0;65;382;67;315
"Block Group 1; Census Tract 1021.04; Los Angeles County; California!!Margin of Error";±513;±466;±64;±21;±180;±13;±81;±179;±64;±169
"Block Group 2; Census Tract 1021.04; Los Angeles County; California!!Estimate";910;633;0;0;245;0;0;32;32;0
"Block Group 2; Census Tract 1021.04; Los Angeles County; California!!Margin of Error";±334;±292;±13;±13;±171;±13;±13;±36;±36;±13
"Block Group 1; Census Tract 1021.05; Los Angeles County; California!!Estimate";590;286;0;19;34;0;110;141;82;59
"Block Group 1; Census Tract 1021.05; Los Angeles County; California!!Margin of Error";±164;±112;±13;±31;±44;±13;±104;±105;±75;±52
"Block Group 2; Census Tract 1021.05; Los Angeles County; California!!Estimate";1.020;222;9;0;73;6;311;399;379;20
"Block Group 2; Census Tract 1021.05; Los Angeles County; California!!Margin of Error";±332;±142;±18;±13;±68;±16;±156;±299;±299;±30
"Block Group 1; Census Tract 1021.07; Los Angeles County; California!!Estimate";2.450;1.728;10;0;305;0;93;314;218;96
"Block Group 1; Census Tract 1021.07; Los Angeles County; California!!Margin of Error";±408;±398;±13;±13;±196;±13;±55;±137;±156;±107
"Block Group 2; Census Tract 1021.07; Los Angeles County; California!!Estimate";1.127;843;13;0;51;0;62;158;89;69
"Block Group 2; Census Tract 1021.07; Los Angeles County; California!!Margin of Error";±591;±580;±23;±13;±59;±13;±70;±128;±85;±93
"Block Group 1; Census Tract 1031.01; Los Angeles County; California!!Estimate";1.555;1.009;40;0;181;0;206;119;75;44
"Block Group 1; Census Tract 1031.01; Los Angeles County; California!!Margin of Error";±259;±233;±51;±13;±132;±13;±102;±59;±43;±30
"Block Group 2; Census Tract 1031.01; Los Angeles County; California!!Estimate";1.171;868;0;0;21;0;13;269;203;66
"Block Group 2; Census Tract 1031.01; Los Angeles County; California!!Margin of Error";±386;±291;±13;±13;±24;±13;±20;±193;±182;±77
"Block Group 1; Census Tract 1031.02; Los Angeles County; California!!Estimate";859;552;0;0;69;0;191;47;19;28
"Block Group 1; Census Tract 1031.02; Los Angeles County; California!!Margin of Error";±362;±267;±13;±13;±63;±13;±219;±53;±30;±46
"Block Group 2; Census Tract 1031.02; Los Angeles County; California!!Estimate";503;442;0;0;10;0;6;45;40;5
"Block Group 2; Census Tract 1031.02; Los Angeles County; California!!Margin of Error";±239;±225;±13;±13;±15;±13;±10;±54;±51;±10
"Block Group 3; Census Tract 1031.02; Los Angeles County; California!!Estimate";1.494;1.106;21;0;94;0;178;95;43;52
"Block Group 3; Census Tract 1031.02; Los Angeles County; California!!Margin of Error";±474;±389;±31;±13;±63;±13;±209;±90;±68;±60
"Block Group 4; Census Tract 1031.02; Los Angeles County; California!!Estimate";903;726;0;0;68;0;39;70;57;13
"Block Group 4; Census Tract 1031.02; Los Angeles County; California!!Margin of Error";±342;±355;±13;±13;±71;±13;±69;±83;±80;±21
"Block Group 5; Census Tract 1031.02; Los Angeles County; California!!Estimate";791;520;0;0;126;0;102;43;0;43
"Block Group 5; Census Tract 1031.02; Los Angeles County; California!!Margin of Error";±268;±205;±13;±13;±97;±13;±97;±103;±13;±103
"Block Group 1; Census Tract 1032.01; Los Angeles County; California!!Estimate";2.320;1.393;95;0;179;6;61;586;292;294
"Block Group 1; Census Tract 1032.01; Los Angeles County; California!!Margin of Error";±406;±495;±88;±13;±143;±10;±59;±364;±177;±219
"Block Group 2; Census Tract 1032.01; Los Angeles County; California!!Estimate";1.971;1.541;0;0;127;0;24;279;269;10
"Block Group 2; Census Tract 1032.01; Los Angeles County; California!!Margin of Error";±594;±527;±13;±13;±172;±13;±31;±292;±290;±18
"Block Group 1; Census Tract 1032.02; Los Angeles County; California!!Estimate";2.010;1.415;19;0;38;0;525;13;1;12
"Block Group 1; Census Tract 1032.02; Los Angeles County; California!!Margin of Error";±623;±284;±36;±13;±77;±13;±629;±20;±3;±20
"Block Group 1; Census Tract 1033; Los Angeles County; California!!Estimate";1.547;1.204;37;0;124;0;9;173;43;130
"Block Group 1; Census Tract 1033; Los Angeles County; California!!Margin of Error";±412;±355;±31;±13;±127;±13;±12;±158;±64;±143
"Block Group 2; Census Tract 1033; Los Angeles County; California!!Estimate";2.269;1.678;68;24;60;0;25;414;187;227
"Block Group 2; Census Tract 1033; Los Angeles County; California!!Margin of Error";±558;±452;±105;±34;±43;±13;±43;±244;±202;±155
"Block Group 1; Census Tract 1034.01; Los Angeles County; California!!Estimate";2.391;1.593;0;15;476;0;107;200;114;86
"Block Group 1; Census Tract 1034.01; Los Angeles County; California!!Margin of Error";±446;±464;±13;±18;±421;±13;±55;±150;±116;±86
"Block Group 1; Census Tract 1034.02; Los Angeles County; California!!Estimate";940;496;0;0;120;0;128;196;157;39
"Block Group 1; Census Tract 1034.02; Los Angeles County; California!!Margin of Error";±415;±286;±13;±13;±166;±13;±164;±248;±244;±41
"Block Group 2; Census Tract 1034.02; Los Angeles County; California!!Estimate";809;574;2;0;35;0;47;151;151;0
"Block Group 2; Census Tract 1034.02; Los Angeles County; California!!Margin of Error";±324;±294;±5;±13;±38;±13;±50;±191;±191;±13
"Block Group 3; Census Tract 1034.02; Los Angeles County; California!!Estimate";667;606;0;0;21;0;20;20;20;0
"Block Group 3; Census Tract 1034.02; Los Angeles County; California!!Margin of Error";±269;±265;±13;±13;±36;±13;±33;±32;±32;±13
"Block Group 4; Census Tract 1034.02; Los Angeles County; California!!Estimate";1.413;724;369;0;281;0;0;39;39;0
"Block Group 4; Census Tract 1034.02; Los Angeles County; California!!Margin of Error";±419;±296;±281;±13;±241;±13;±13;±46;±46;±13
"Block Group 1; Census Tract 1041.03; Los Angeles County; California!!Estimate";2.208;669;304;0;225;0;584;426;359;67
"Block Group 1; Census Tract 1041.03; Los Angeles County; California!!Margin of Error";±482;±311;±388;±13;±113;±13;±412;±284;±279;±57
"Block Group 2; Census Tract 1041.03; Los Angeles County; California!!Estimate";2.073;665;257;36;5;0;223;887;790;97
"Block Group 2; Census Tract 1041.03; Los Angeles County; California!!Margin of Error";±808;±318;±70;±34;±8;±13;±130;±796;±793;±82
"Block Group 1; Census Tract 1041.05; Los Angeles County; California!!Estimate";1.727;507;35;14;245;0;577;349;309;40
"Block Group 1; Census Tract 1041.05; Los Angeles County; California!!Margin of Error";±510;±343;±56;±24;±115;±13;±346;±292;±272;±64
"Block Group 2; Census Tract 1041.05; Los Angeles County; California!!Estimate";3.011;1.309;54;0;63;0;1.082;503;503;0
"Block Group 2; Census Tract 1041.05; Los Angeles County; California!!Margin of Error";±635;±425;±65;±13;±74;±13;±532;±368;±368;±13
"Block Group 3; Census Tract 1041.05; Los Angeles County; California!!Estimate";1.457;222;75;49;0;0;853;258;258;0
"Block Group 3; Census Tract 1041.05; Los Angeles County; California!!Margin of Error";±590;±247;±79;±87;±13;±13;±536;±236;±236;±13
"Block Group 1; Census Tract 1041.08; Los Angeles County; California!!Estimate";1.820;615;121;0;0;0;690;394;357;37
"Block Group 1; Census Tract 1041.08; Los Angeles County; California!!Margin of Error";±633;±459;±130;±13;±13;±13;±375;±329;±324;±43
"Block Group 2; Census Tract 1041.08; Los Angeles County; California!!Estimate";1.750;1.025;48;0;71;0;440;166;107;59
"Block Group 2; Census Tract 1041.08; Los Angeles County; California!!Margin of Error";±539;±424;±61;±13;±78;±13;±277;±103;±83;±66
"Block Group 3; Census Tract 1041.08; Los Angeles County; California!!Estimate";1.392;272;129;19;0;0;234;738;713;25
"Block Group 3; Census Tract 1041.08; Los Angeles County; California!!Margin of Error";±451;±191;±66;±26;±13;±13;±228;±491;±499;±34
"Block Group 1; Census Tract 1041.24; Los Angeles County; California!!Estimate";1.404;599;236;124;9;0;286;150;132;18
"Block Group 1; Census Tract 1041.24; Los Angeles County; California!!Margin of Error";±514;±449;±186;±185;±12;±13;±306;±121;±119;±36
"Block Group 2; Census Tract 1041.24; Los Angeles County; California!!Estimate";1.966;919;289;0;289;0;154;315;305;10
"Block Group 2; Census Tract 1041.24; Los Angeles County; California!!Margin of Error";±480;±339;±249;±13;±253;±13;±178;±289;±288;±15
"Block Group 3; Census Tract 1041.24; Los Angeles County; California!!Estimate";636;456;0;7;32;0;0;141;123;18
"Block Group 3; Census Tract 1041.24; Los Angeles County; California!!Margin of Error";±254;±198;±13;±11;±38;±13;±13;±159;±156;±30
"Block Group 1; Census Tract 1042.01; Los Angeles County; California!!Estimate";1.441;480;11;23;172;0;737;18;18;0
"Block Group 1; Census Tract 1042.01; Los Angeles County; California!!Margin of Error";±613;±294;±18;±36;±221;±13;±528;±45;±45;±13
"Block Group 2; Census Tract 1042.01; Los Angeles County; California!!Estimate";1.733;238;224;2;0;0;724;545;543;2
"Block Group 2; Census Tract 1042.01; Los Angeles County; California!!Margin of Error";±642;±183;±205;±3;±13;±13;±498;±364;±364;±4
"Block Group 3; Census Tract 1042.01; Los Angeles County; California!!Estimate";1.462;497;292;55;0;0;459;159;159;0
"Block Group 3; Census Tract 1042.01; Los Angeles County; California!!Margin of Error";±443;±289;±242;±49;±13;±13;±279;±164;±164;±13
"Block Group 1; Census Tract 1042.03; Los Angeles County; California!!Estimate";2.753;1.085;0;79;86;0;880;623;623;0
"Block Group 1; Census Tract 1042.03; Los Angeles County; California!!Margin of Error";±847;±508;±13;±112;±60;±13;±514;±515;±515;±13
"Block Group 2; Census Tract 1042.03; Los Angeles County; California!!Estimate";2.429;529;205;36;0;0;1.107;552;552;0
"Block Group 2; Census Tract 1042.03; Los Angeles County; California!!Margin of Error";±658;±294;±183;±58;±13;±13;±562;±416;±416;±13
"Block Group 1; Census Tract 1042.04; Los Angeles County; California!!Estimate";1.549;627;148;5;26;0;363;380;303;77
"Block Group 1; Census Tract 1042.04; Los Angeles County; California!!Margin of Error";±413;±180;±62;±8;±19;±13;±174;±309;±301;±79
"Block Group 2; Census Tract 1042.04; Los Angeles County; California!!Estimate";2.142;928;42;55;176;0;574;367;353;14
"Block Group 2; Census Tract 1042.04; Los Angeles County; California!!Margin of Error";±474;±298;±55;±78;±112;±13;±328;±269;±262;±15
"Block Group 1; Census Tract 1043.10; Los Angeles County; California!!Estimate";1.943;685;36;6;0;0;526;690;690;0
"Block Group 1; Census Tract 1043.10; Los Angeles County; California!!Margin of Error";±634;±458;±55;±10;±13;±13;±313;±401;±401;±13
"Block Group 2; Census Tract 1043.10; Los Angeles County; California!!Estimate";1.146;272;48;19;0;0;705;102;90;12
"Block Group 2; Census Tract 1043.10; Los Angeles County; California!!Margin of Error";±439;±188;±54;±31;±13;±13;±378;±88;±86;±18
"Block Group 3; Census Tract 1043.10; Los Angeles County; California!!Estimate";1.303;342;0;59;8;0;630;264;174;90
"Block Group 3; Census Tract 1043.10; Los Angeles County; California!!Margin of Error";±423;±193;±13;±78;±7;±13;±441;±202;±173;±135
"Block Group 1; Census Tract 1043.21; Los Angeles County; California!!Estimate";975;152;26;7;0;0;301;489;478;11
"Block Group 1; Census Tract 1043.21; Los Angeles County; California!!Margin of Error";±495;±141;±40;±12;±13;±13;±229;±396;±396;±16
"Block Group 2; Census Tract 1043.21; Los Angeles County; California!!Estimate";1.235;281;0;0;0;0;765;189;189;0
"Block Group 2; Census Tract 1043.21; Los Angeles County; California!!Margin of Error";±577;±232;±13;±13;±13;±13;±448;±257;±257;±13
"Block Group 3; Census Tract 1043.21; Los Angeles County; California!!Estimate";680;172;24;0;0;0;324;160;160;0
"Block Group 3; Census Tract 1043.21; Los Angeles County; California!!Margin of Error";±274;±160;±39;±13;±13;±13;±282;±263;±263;±13
"Block Group 1; Census Tract 1043.22; Los Angeles County; California!!Estimate";1.183;486;5;2;16;0;304;370;335;35
"Block Group 1; Census Tract 1043.22; Los Angeles County; California!!Margin of Error";±309;±237;±8;±4;±26;±13;±212;±292;±308;±40
"Block Group 2; Census Tract 1043.22; Los Angeles County; California!!Estimate";604;66;0;6;0;4;469;59;59;0
"Block Group 2; Census Tract 1043.22; Los Angeles County; California!!Margin of Error";±261;±105;±13;±48;±13;±9;±269;±101;±101;±13
"Block Group 1; Census Tract 1044.01; Los Angeles County; California!!Estimate";1.671;440;30;13;38;5;821;324;324;0
"Block Group 1; Census Tract 1044.01; Los Angeles County; California!!Margin of Error";±465;±239;±31;±19;±61;±9;±432;±212;±212;±13
"Block Group 2; Census Tract 1044.01; Los Angeles County; California!!Estimate";1.306;466;0;0;0;0;615;225;225;0
"Block Group 2; Census Tract 1044.01; Los Angeles County; California!!Margin of Error";±265;±215;±13;±13;±13;±13;±216;±175;±175;±13
"Block Group 1; Census Tract 1044.03; Los Angeles County; California!!Estimate";1.465;542;0;0;44;0;782;97;65;32
"Block Group 1; Census Tract 1044.03; Los Angeles County; California!!Margin of Error";±322;±298;±13;±13;±67;±13;±290;±74;±66;±41
"Block Group 2; Census Tract 1044.03; Los Angeles County; California!!Estimate";887;164;0;0;67;0;361;295;289;6
"Block Group 2; Census Tract 1044.03; Los Angeles County; California!!Margin of Error";±268;±127;±13;±13;±76;±13;±228;±190;±192;±11
"Block Group 1; Census Tract 1044.04; Los Angeles County; California!!Estimate";1.647;339;0;16;83;0;1.048;161;161;0
"Block Group 1; Census Tract 1044.04; Los Angeles County; California!!Margin of Error";±509;±198;±13;±25;±80;±13;±471;±145;±145;±13
"Block Group 2; Census Tract 1044.04; Los Angeles County; California!!Estimate";1.676;655;0;0;0;0;499;522;485;37
"Block Group 2; Census Tract 1044.04; Los Angeles County; California!!Margin of Error";±390;±239;±13;±13;±13;±13;±219;±350;±348;±53
"Block Group 1; Census Tract 1045; Los Angeles County; California!!Estimate";1.881;341;2;0;1;0;1.074;463;456;7
"Block Group 1; Census Tract 1045; Los Angeles County; California!!Margin of Error";±874;±211;±3;±13;±2;±13;±515;±643;±643;±11
"Block Group 2; Census Tract 1045; Los Angeles County; California!!Estimate";1.420;555;0;7;0;0;195;663;494;169
"Block Group 2; Census Tract 1045; Los Angeles County; California!!Margin of Error";±402;±237;±13;±11;±13;±13;±109;±373;±357;±244
"Block Group 1; Census Tract 1046.10; Los Angeles County; California!!Estimate";1.527;512;0;34;0;0;860;121;121;0
"Block Group 1; Census Tract 1046.10; Los Angeles County; California!!Margin of Error";±450;±278;±13;±55;±13;±13;±387;±108;±108;±13
"Block Group 2; Census Tract 1046.10; Los Angeles County; California!!Estimate";1.595;639;0;3;0;0;725;228;193;35
"Block Group 2; Census Tract 1046.10; Los Angeles County; California!!Margin of Error";±436;±374;±13;±6;±13;±13;±393;±201;±195;±53
"Block Group 1; Census Tract 1046.20; Los Angeles County; California!!Estimate";1.226;310;12;0;0;0;577;327;327;0
"Block Group 1; Census Tract 1046.20; Los Angeles County; California!!Margin of Error";±367;±223;±2;±13;±13;±13;±247;±199;±199;±13
"Block Group 2; Census Tract 1046.20; Los Angeles County; California!!Estimate";2.302;946;21;31;13;0;666;625;625;0
"Block Group 2; Census Tract 1046.20; Los Angeles County; California!!Margin of Error";±473;±366;±34;±50;±24;±13;±336;±348;±348;±13
"Block Group 1; Census Tract 1047.01; Los Angeles County; California!!Estimate";814;425;6;49;6;13;263;52;22;30
"Block Group 1; Census Tract 1047.01; Los Angeles County; California!!Margin of Error";±299;±202;±9;±74;±9;±22;±147;±55;±24;±48
"Block Group 2; Census Tract 1047.01; Los Angeles County; California!!Estimate";2.107;1.118;0;9;2;0;554;424;419;5
"Block Group 2; Census Tract 1047.01; Los Angeles County; California!!Margin of Error";±382;±402;±13;±13;±6;±13;±253;±257;±256;±7
"Block Group 3; Census Tract 1047.01; Los Angeles County; California!!Estimate";970;508;1;0;0;0;320;141;141;0
"Block Group 3; Census Tract 1047.01; Los Angeles County; California!!Margin of Error";±347;±320;±7;±13;±13;±13;±175;±143;±143;±13
"Block Group 1; Census Tract 1047.03; Los Angeles County; California!!Estimate";1.373;515;135;13;0;0;274;436;421;15
"Block Group 1; Census Tract 1047.03; Los Angeles County; California!!Margin of Error";±375;±281;±150;±29;±13;±13;±225;±249;±257;±23
"Block Group 2; Census Tract 1047.03; Los Angeles County; California!!Estimate";925;288;9;0;0;0;217;411;411;0
"Block Group 2; Census Tract 1047.03; Los Angeles County; California!!Margin of Error";±460;±155;±14;±13;±13;±13;±187;±440;±440;±13
"Block Group 1; Census Tract 1047.04; Los Angeles County; California!!Estimate";1.745;506;302;0;8;0;549;380;346;34
"Block Group 1; Census Tract 1047.04; Los Angeles County; California!!Margin of Error";±500;±346;±120;±13;±18;±13;±400;±226;±224;±47
"Block Group 2; Census Tract 1047.04; Los Angeles County; California!!Estimate";1.616;474;92;0;195;0;389;466;424;42
"Block Group 2; Census Tract 1047.04; Los Angeles County; California!!Margin of Error";±716;±321;±98;±13;±180;±13;±304;±511;±513;±54
"Block Group 3; Census Tract 1047.04; Los Angeles County; California!!Estimate";1.206;482;0;0;0;0;544;180;180;0
"Block Group 3; Census Tract 1047.04; Los Angeles County; California!!Margin of Error";±407;±242;±13;±13;±13;±13;±283;±194;±194;±13
"Block Group 1; Census Tract 1048.21; Los Angeles County; California!!Estimate";2.505;905;39;9;17;0;881;654;647;7
"Block Group 1; Census Tract 1048.21; Los Angeles County; California!!Margin of Error";±421;±300;±61;±12;±30;±13;±383;±273;±272;±14
"Block Group 2; Census Tract 1048.21; Los Angeles County; California!!Estimate";926;262;0;0;20;0;442;202;199;3
"Block Group 2; Census Tract 1048.21; Los Angeles County; California!!Margin of Error";±499;±161;±13;±13;±29;±13;±478;±131;±131;±5
"Block Group 1; Census Tract 1048.22; Los Angeles County; California!!Estimate";2.461;805;6;17;81;0;914;638;556;82
"Block Group 1; Census Tract 1048.22; Los Angeles County; California!!Margin of Error";±390;±282;±10;±27;±47;±13;±363;±246;±248;±58
"Block Group 1; Census Tract 1048.23; Los Angeles County; California!!Estimate";1.961;653;130;0;238;0;620;320;280;40
"Block Group 1; Census Tract 1048.23; Los Angeles County; California!!Margin of Error";±502;±394;±189;±13;±113;±13;±272;±330;±318;±66
"Block Group 2; Census Tract 1048.23; Los Angeles County; California!!Estimate";1.401;334;0;0;13;0;169;885;859;26
"Block Group 2; Census Tract 1048.23; Los Angeles County; California!!Margin of Error";±676;±292;±13;±13;±21;±13;±155;±637;±605;±42
"Block Group 1; Census Tract 1048.24; Los Angeles County; California!!Estimate";695;100;0;28;0;0;393;174;161;13
"Block Group 1; Census Tract 1048.24; Los Angeles County; California!!Margin of Error";±461;±124;±13;±29;±13;±13;±387;±163;±157;±36
"Block Group 2; Census Tract 1048.24; Los Angeles County; California!!Estimate";1.962;466;0;29;0;13;1.046;408;408;0
"Block Group 2; Census Tract 1048.24; Los Angeles County; California!!Margin of Error";±1,364;±330;±13;±47;±13;±31;±1,170;±339;±339;±13
"Block Group 1; Census Tract 1060.10; Los Angeles County; California!!Estimate";1.560;520;13;0;40;0;527;460;434;26
"Block Group 1; Census Tract 1060.10; Los Angeles County; California!!Margin of Error";±581;±195;±13;±13;±57;±13;±282;±499;±496;±26
"Block Group 2; Census Tract 1060.10; Los Angeles County; California!!Estimate";2.018;1.239;16;22;16;0;426;299;269;30
"Block Group 2; Census Tract 1060.10; Los Angeles County; California!!Margin of Error";±516;±412;±24;±26;±25;±13;±220;±207;±206;±32
"Block Group 1; Census Tract 1060.20; Los Angeles County; California!!Estimate";1.915;721;4;0;187;0;677;326;296;30
"Block Group 1; Census Tract 1060.20; Los Angeles County; California!!Margin of Error";±553;±384;±7;±13;±198;±13;±312;±282;±274;±47
"Block Group 2; Census Tract 1060.20; Los Angeles County; California!!Estimate";1.200;990;0;0;37;0;85;88;64;24
"Block Group 2; Census Tract 1060.20; Los Angeles County; California!!Margin of Error";±461;±464;±13;±13;±39;±13;±78;±85;±83;±24
"Block Group 3; Census Tract 1060.20; Los Angeles County; California!!Estimate";1.461;228;6;37;18;0;799;373;235;138
"Block Group 3; Census Tract 1060.20; Los Angeles County; California!!Margin of Error";±899;±128;±10;±62;±27;±13;±895;±202;±164;±134
"Block Group 1; Census Tract 1061.11; Los Angeles County; California!!Estimate";2.553;1.157;176;0;459;0;327;434;434;0
"Block Group 1; Census Tract 1061.11; Los Angeles County; California!!Margin of Error";±639;±452;±238;±13;±354;±13;±243;±411;±411;±13
"Block Group 2; Census Tract 1061.11; Los Angeles County; California!!Estimate";2.306;978;160;5;302;0;615;246;102;144
"Block Group 2; Census Tract 1061.11; Los Angeles County; California!!Margin of Error";±494;±320;±162;±2;±230;±13;±331;±129;±61;±110
"Block Group 1; Census Tract 1061.12; Los Angeles County; California!!Estimate";2.084;910;48;86;0;34;403;603;444;159
"Block Group 1; Census Tract 1061.12; Los Angeles County; California!!Margin of Error";±505;±312;±70;±134;±13;±51;±198;±490;±454;±222
"Block Group 2; Census Tract 1061.12; Los Angeles County; California!!Estimate";1.789;751;22;0;129;0;570;317;294;23
"Block Group 2; Census Tract 1061.12; Los Angeles County; California!!Margin of Error";±642;±343;±33;±13;±161;±13;±483;±238;±237;±35
"Block Group 3; Census Tract 1061.12; Los Angeles County; California!!Estimate";1.252;598;98;18;285;0;171;82;18;64
"Block Group 3; Census Tract 1061.12; Los Angeles County; California!!Margin of Error";±368;±287;±80;±29;±128;±13;±164;±80;±25;±76
"Block Group 1; Census Tract 1061.13; Los Angeles County; California!!Estimate";2.446;1.225;71;68;254;1;393;434;420;14
"Block Group 1; Census Tract 1061.13; Los Angeles County; California!!Margin of Error";±497;±401;±64;±103;±123;±10;±206;±405;±404;±19
"Block Group 2; Census Tract 1061.13; Los Angeles County; California!!Estimate";1.425;504;0;27;168;0;297;429;426;3
"Block Group 2; Census Tract 1061.13; Los Angeles County; California!!Margin of Error";±379;±229;±13;±41;±132;±13;±204;±271;±272;±6
"Block Group 1; Census Tract 1061.14; Los Angeles County; California!!Estimate";1.386;1.016;9;0;55;0;199;107;94;13
"Block Group 1; Census Tract 1061.14; Los Angeles County; California!!Margin of Error";±446;±460;±15;±13;±79;±13;±120;±106;±105;±20
"Block Group 2; Census Tract 1061.14; Los Angeles County; California!!Estimate";2.003;462;47;36;0;0;1.363;95;95;0
"Block Group 2; Census Tract 1061.14; Los Angeles County; California!!Margin of Error";±515;±271;±91;±33;±13;±13;±461;±92;±92;±13
"Block Group 3; Census Tract 1061.14; Los Angeles County; California!!Estimate";3.411;1.177;74;0;700;0;507;953;905;48
"Block Group 3; Census Tract 1061.14; Los Angeles County; California!!Margin of Error";±992;±518;±84;±13;±636;±13;±350;±603;±608;±83
"Block Group 1; Census Tract 1064.03; Los Angeles County; California!!Estimate";917;547;15;4;40;69;179;63;56;7
"Block Group 1; Census Tract 1064.03; Los Angeles County; California!!Margin of Error";±393;±309;±18;±14;±50;±107;±212;±57;±55;±13
"Block Group 2; Census Tract 1064.03; Los Angeles County; California!!Estimate";1.292;660;30;0;7;0;442;153;136;17
"Block Group 2; Census Tract 1064.03; Los Angeles County; California!!Margin of Error";±358;±315;±96;±13;±12;±13;±251;±183;±181;±28
"Block Group 3; Census Tract 1064.03; Los Angeles County; California!!Estimate";1.492;433;16;19;5;0;815;204;197;7
"Block Group 3; Census Tract 1064.03; Los Angeles County; California!!Margin of Error";±540;±405;±28;±31;±7;±13;±321;±163;±155;±9
"Block Group 1; Census Tract 1064.05; Los Angeles County; California!!Estimate";1.586;369;170;0;252;0;342;453;329;124
"Block Group 1; Census Tract 1064.05; Los Angeles County; California!!Margin of Error";±477;±283;±241;±13;±179;±13;±245;±355;±320;±172
"Block Group 2; Census Tract 1064.05; Los Angeles County; California!!Estimate";1.633;804;261;0;0;0;327;241;152;89
"Block Group 2; Census Tract 1064.05; Los Angeles County; California!!Margin of Error";±575;±427;±266;±13;±13;±13;±268;±142;±118;±94
"Block Group 3; Census Tract 1064.05; Los Angeles County; California!!Estimate";1.121;517;0;36;20;0;240;308;269;39
"Block Group 3; Census Tract 1064.05; Los Angeles County; California!!Margin of Error";±437;±307;±13;±56;±33;±13;±205;±328;±301;±60
"Block Group 1; Census Tract 1064.06; Los Angeles County; California!!Estimate";3.433;1.700;108;0;387;0;724;514;490;24
"Block Group 1; Census Tract 1064.06; Los Angeles County; California!!Margin of Error";±642;±626;±95;±13;±254;±13;±403;±332;±328;±40
"Block Group 2; Census Tract 1064.06; Los Angeles County; California!!Estimate";1.517;877;0;0;64;0;277;299;290;9
"Block Group 2; Census Tract 1064.06; Los Angeles County; California!!Margin of Error";±570;±447;±13;±13;±84;±13;±255;±335;±334;±15
"Block Group 3; Census Tract 1064.06; Los Angeles County; California!!Estimate";1.584;479;15;0;70;0;640;380;380;0
"Block Group 3; Census Tract 1064.06; Los Angeles County; California!!Margin of Error";±845;±300;±23;±13;±96;±13;±525;±606;±606;±13
"Block Group 1; Census Tract 1064.07; Los Angeles County; California!!Estimate";1.355;797;178;6;58;0;241;75;58;17
"Block Group 1; Census Tract 1064.07; Los Angeles County; California!!Margin of Error";±242;±243;±103;±9;±48;±13;±114;±49;±40;±27
"Block Group 2; Census Tract 1064.07; Los Angeles County; California!!Estimate";997;308;18;4;11;0;429;227;227;0
"Block Group 2; Census Tract 1064.07; Los Angeles County; California!!Margin of Error";±325;±192;±23;±7;±15;±13;±277;±190;±190;±13
"Block Group 1; Census Tract 1064.08; Los Angeles County; California!!Estimate";2.922;1.118;94;105;79;8;678;840;690;150
"Block Group 1; Census Tract 1064.08; Los Angeles County; California!!Margin of Error";±584;±317;±69;±136;±63;±12;±346;±484;±453;±152
"Block Group 2; Census Tract 1064.08; Los Angeles County; California!!Estimate";811;235;0;32;0;0;258;286;274;12
"Block Group 2; Census Tract 1064.08; Los Angeles County; California!!Margin of Error";±281;±139;±13;±40;±13;±13;±165;±169;±167;±18
"Block Group 1; Census Tract 1065.10; Los Angeles County; California!!Estimate";1.836;680;49;11;620;0;151;325;226;99
"Block Group 1; Census Tract 1065.10; Los Angeles County; California!!Margin of Error";±668;±309;±45;±24;±542;±13;±178;±301;±285;±81
"Block Group 2; Census Tract 1065.10; Los Angeles County; California!!Estimate";2.155;1.109;0;30;141;0;734;141;110;31
"Block Group 2; Census Tract 1065.10; Los Angeles County; California!!Margin of Error";±471;±403;±13;±50;±158;±13;±347;±113;±112;±32
"Block Group 3; Census Tract 1065.10; Los Angeles County; California!!Estimate";1.726;731;73;0;514;0;124;284;274;10
"Block Group 3; Census Tract 1065.10; Los Angeles County; California!!Margin of Error";±662;±295;±74;±13;±571;±13;±127;±192;±189;±18
"Block Group 1; Census Tract 1065.20; Los Angeles County; California!!Estimate";2.342;1.122;0;0;163;0;847;210;195;15
"Block Group 1; Census Tract 1065.20; Los Angeles County; California!!Margin of Error";±692;±635;±13;±13;±128;±13;±497;±160;±150;±22
"Block Group 2; Census Tract 1065.20; Los Angeles County; California!!Estimate";1.859;838;332;108;0;0;376;205;180;25
"Block Group 2; Census Tract 1065.20; Los Angeles County; California!!Margin of Error";±476;±318;±271;±115;±13;±13;±261;±149;±143;±39
"Block Group 3; Census Tract 1065.20; Los Angeles County; California!!Estimate";1.344;646;0;0;0;0;538;160;160;0
"Block Group 3; Census Tract 1065.20; Los Angeles County; California!!Margin of Error";±548;±327;±13;±13;±13;±13;±428;±184;±184;±13
"Block Group 1; Census Tract 1066.03; Los Angeles County; California!!Estimate";1.563;1.017;23;0;305;0;58;160;118;42
"Block Group 1; Census Tract 1066.03; Los Angeles County; California!!Margin of Error";±398;±370;±21;±13;±163;±13;±76;±110;±107;±35
"Block Group 2; Census Tract 1066.03; Los Angeles County; California!!Estimate";1.981;1.053;60;0;265;0;148;455;413;42
"Block Group 2; Census Tract 1066.03; Los Angeles County; California!!Margin of Error";±553;±304;±68;±13;±109;±13;±128;±489;±488;±41
"Block Group 1; Census Tract 1066.04; Los Angeles County; California!!Estimate";1.761;658;55;19;120;0;533;376;369;7
"Block Group 1; Census Tract 1066.04; Los Angeles County; California!!Margin of Error";±470;±310;±79;±33;±122;±13;±309;±359;±358;±13
"Block Group 2; Census Tract 1066.04; Los Angeles County; California!!Estimate";1.402;265;47;20;30;0;859;181;181;0
"Block Group 2; Census Tract 1066.04; Los Angeles County; California!!Margin of Error";±588;±208;±48;±31;±41;±13;±572;±143;±143;±13
"Block Group 3; Census Tract 1066.04; Los Angeles County; California!!Estimate";847;432;0;0;52;0;124;239;218;21
"Block Group 3; Census Tract 1066.04; Los Angeles County; California!!Margin of Error";±260;±193;±13;±13;±79;±13;±102;±219;±216;±40
"Block Group 1; Census Tract 1066.41; Los Angeles County; California!!Estimate";2.197;1.550;51;0;349;0;22;225;101;124
"Block Group 1; Census Tract 1066.41; Los Angeles County; California!!Margin of Error";±231;±250;±46;±13;±80;±13;±22;±102;±67;±74
"Block Group 1; Census Tract 1066.42; Los Angeles County; California!!Estimate";1.039;759;21;0;104;0;0;155;155;0
"Block Group 1; Census Tract 1066.42; Los Angeles County; California!!Margin of Error";±327;±225;±33;±13;±86;±13;±13;±176;±176;±13
"Block Group 2; Census Tract 1066.42; Los Angeles County; California!!Estimate";1.407;1.048;22;54;66;0;47;170;150;20
"Block Group 2; Census Tract 1066.42; Los Angeles County; California!!Margin of Error";±515;±502;±44;±74;±85;±13;±47;±136;±133;±24
"Block Group 3; Census Tract 1066.42; Los Angeles County; California!!Estimate";996;643;39;0;72;0;167;75;49;26
"Block Group 3; Census Tract 1066.42; Los Angeles County; California!!Margin of Error";±339;±253;±56;±13;±55;±13;±233;±56;±34;±43
"Block Group 1; Census Tract 1066.43; Los Angeles County; California!!Estimate";2.244;1.209;79;0;815;0;41;100;30;70
"Block Group 1; Census Tract 1066.43; Los Angeles County; California!!Margin of Error";±496;±322;±135;±13;±301;±13;±53;±98;±40;±75
"Block Group 2; Census Tract 1066.43; Los Angeles County; California!!Estimate";922;632;194;0;47;0;49;0;0;0
"Block Group 2; Census Tract 1066.43; Los Angeles County; California!!Margin of Error";±294;±228;±232;±13;±40;±13;±57;±13;±13;±13
"Block Group 3; Census Tract 1066.43; Los Angeles County; California!!Estimate";1.140;725;0;0;23;0;392;0;0;0
"Block Group 3; Census Tract 1066.43; Los Angeles County; California!!Margin of Error";±713;±340;±13;±13;±25;±13;±632;±13;±13;±13
"Block Group 1; Census Tract 1066.45; Los Angeles County; California!!Estimate";1.162;967;9;39;36;0;1;110;65;45
"Block Group 1; Census Tract 1066.45; Los Angeles County; California!!Margin of Error";±339;±341;±14;±62;±43;±13;±4;±82;±72;±44
"Block Group 2; Census Tract 1066.45; Los Angeles County; California!!Estimate";2.607;1.818;0;108;346;0;211;124;91;33
"Block Group 2; Census Tract 1066.45; Los Angeles County; California!!Margin of Error";±683;±594;±13;±93;±163;±13;±234;±95;±85;±39
"Block Group 1; Census Tract 1066.46; Los Angeles County; California!!Estimate";2.074;1.081;108;10;402;0;179;294;170;124
"Block Group 1; Census Tract 1066.46; Los Angeles County; California!!Margin of Error";±284;±228;±59;±23;±150;±13;±150;±130;±101;±81
"Block Group 2; Census Tract 1066.46; Los Angeles County; California!!Estimate";937;446;38;2;180;0;215;56;34;22
"Block Group 2; Census Tract 1066.46; Los Angeles County; California!!Margin of Error";±229;±144;±67;±6;±58;±13;±122;±44;±30;±34
"Block Group 1; Census Tract 1066.48; Los Angeles County; California!!Estimate";3.461;1.835;0;104;0;0;766;756;632;124
"Block Group 1; Census Tract 1066.48; Los Angeles County; California!!Margin of Error";±718;±529;±13;±298;±13;±13;±354;±438;±438;±109
"Block Group 2; Census Tract 1066.48; Los Angeles County; California!!Estimate";1.120;512;0;24;0;0;307;277;255;22
"Block Group 2; Census Tract 1066.48; Los Angeles County; California!!Margin of Error";±505;±321;±13;±6;±13;±13;±341;±198;±194;±38
"Block Group 1; Census Tract 1066.49; Los Angeles County; California!!Estimate";1.460;320;0;0;42;0;852;246;228;18
"Block Group 1; Census Tract 1066.49; Los Angeles County; California!!Margin of Error";±669;±181;±13;±13;±29;±13;±639;±128;±121;±19
"Block Group 2; Census Tract 1066.49; Los Angeles County; California!!Estimate";1.316;352;28;10;499;0;285;142;90;52
"Block Group 2; Census Tract 1066.49; Los Angeles County; California!!Margin of Error";±263;±127;±34;±13;±186;±13;±180;±72;±63;±38
"Block Group 1; Census Tract 1070.10; Los Angeles County; California!!Estimate";1.992;707;0;21;6;0;644;614;614;0
"Block Group 1; Census Tract 1070.10; Los Angeles County; California!!Margin of Error";±478;±301;±13;±26;±9;±13;±337;±286;±286;±13
"Block Group 2; Census Tract 1070.10; Los Angeles County; California!!Estimate";1.185;592;28;108;91;0;312;54;35;19
"Block Group 2; Census Tract 1070.10; Los Angeles County; California!!Margin of Error";±254;±228;±29;±133;±80;±13;±165;±38;±31;±21
"Block Group 1; Census Tract 1070.20; Los Angeles County; California!!Estimate";910;372;21;99;19;0;288;111;93;18
"Block Group 1; Census Tract 1070.20; Los Angeles County; California!!Margin of Error";±299;±268;±38;±125;±35;±13;±232;±107;±103;±28
"Block Group 2; Census Tract 1070.20; Los Angeles County; California!!Estimate";703;285;17;26;0;101;175;99;75;24
"Block Group 2; Census Tract 1070.20; Los Angeles County; California!!Margin of Error";±298;±206;±26;±42;±13;±142;±131;±103;±98;±37
"Block Group 3; Census Tract 1070.20; Los Angeles County; California!!Estimate";2.123;723;2;8;65;0;454;871;871;0
"Block Group 3; Census Tract 1070.20; Los Angeles County; California!!Margin of Error";±1,222;±402;±5;±13;±48;±13;±264;±1,048;±1,048;±13
"Block Group 4; Census Tract 1070.20; Los Angeles County; California!!Estimate";874;376;6;0;106;30;199;157;104;53
"Block Group 4; Census Tract 1070.20; Los Angeles County; California!!Margin of Error";±381;±246;±10;±13;±108;±51;±229;±129;±113;±72
"Block Group 1; Census Tract 1081.01; Los Angeles County; California!!Estimate";2.274;1.314;32;59;501;0;68;300;151;149
"Block Group 1; Census Tract 1081.01; Los Angeles County; California!!Margin of Error";±306;±279;±28;±85;±102;±13;±67;±177;±81;±137
"Block Group 1; Census Tract 1081.02; Los Angeles County; California!!Estimate";1.294;638;36;0;620;0;0;0;0;0
"Block Group 1; Census Tract 1081.02; Los Angeles County; California!!Margin of Error";±472;±308;±59;±13;±378;±13;±13;±13;±13;±13
"Block Group 2; Census Tract 1081.02; Los Angeles County; California!!Estimate";1.138;511;1;0;434;0;149;43;3;40
"Block Group 2; Census Tract 1081.02; Los Angeles County; California!!Margin of Error";±405;±240;±5;±13;±316;±13;±127;±40;±5;±40
"Block Group 3; Census Tract 1081.02; Los Angeles County; California!!Estimate";1.164;680;20;0;299;0;73;92;88;4
"Block Group 3; Census Tract 1081.02; Los Angeles County; California!!Margin of Error";±334;±239;±27;±13;±130;±13;±83;±96;±96;±6
"Block Group 1; Census Tract 1081.03; Los Angeles County; California!!Estimate";1.502;906;59;0;322;0;10;205;84;121
"Block Group 1; Census Tract 1081.03; Los Angeles County; California!!Margin of Error";±330;±300;±88;±13;±199;±13;±19;±155;±80;±133
"Block Group 2; Census Tract 1081.03; Los Angeles County; California!!Estimate";1.466;851;0;0;435;0;35;145;93;52
"Block Group 2; Census Tract 1081.03; Los Angeles County; California!!Margin of Error";±489;±393;±13;±13;±216;±13;±43;±129;±104;±72
"Block Group 1; Census Tract 1081.04; Los Angeles County; California!!Estimate";1.738;923;81;0;374;0;213;147;110;37
"Block Group 1; Census Tract 1081.04; Los Angeles County; California!!Margin of Error";±420;±391;±38;±13;±124;±13;±85;±121;±109;±24
"Block Group 1; Census Tract 1082.02; Los Angeles County; California!!Estimate";2.138;842;148;36;925;0;35;152;67;85
"Block Group 1; Census Tract 1082.02; Los Angeles County; California!!Margin of Error";±498;±286;±158;±54;±344;±13;±72;±127;±79;±96
"Block Group 2; Census Tract 1082.02; Los Angeles County; California!!Estimate";3.219;1.335;272;0;1.171;0;347;94;29;65
"Block Group 2; Census Tract 1082.02; Los Angeles County; California!!Margin of Error";±630;±441;±267;±13;±394;±13;±269;±97;±53;±81
"Block Group 3; Census Tract 1082.02; Los Angeles County; California!!Estimate";3.945;953;1.037;0;1.533;45;0;377;171;206
"Block Group 3; Census Tract 1082.02; Los Angeles County; California!!Margin of Error";±1,510;±430;±1,378;±13;±441;±75;±13;±297;±235;±213
"Block Group 1; Census Tract 1082.03; Los Angeles County; California!!Estimate";2.113;791;295;86;857;0;33;51;27;24
"Block Group 1; Census Tract 1082.03; Los Angeles County; California!!Margin of Error";±282;±206;±216;±107;±198;±13;±41;±46;±34;±31
"Block Group 2; Census Tract 1082.03; Los Angeles County; California!!Estimate";1.057;319;238;0;462;0;8;30;17;13
"Block Group 2; Census Tract 1082.03; Los Angeles County; California!!Margin of Error";±289;±138;±212;±13;±183;±13;±13;±35;±28;±21
"Block Group 1; Census Tract 1082.04; Los Angeles County; California!!Estimate";1.780;686;95;11;886;0;0;102;39;63
"Block Group 1; Census Tract 1082.04; Los Angeles County; California!!Margin of Error";±319;±326;±97;±18;±278;±13;±13;±80;±50;±50
"Block Group 1; Census Tract 1091; Los Angeles County; California!!Estimate";1.036;477;38;16;245;0;200;60;60;0
"Block Group 1; Census Tract 1091; Los Angeles County; California!!Margin of Error";±238;±210;±60;±26;±190;±13;±136;±47;±47;±13
"Block Group 2; Census Tract 1091; Los Angeles County; California!!Estimate";1.639;808;59;18;217;0;267;270;247;23
"Block Group 2; Census Tract 1091; Los Angeles County; California!!Margin of Error";±234;±251;±51;±26;±131;±13;±162;±139;±137;±25
"Block Group 1; Census Tract 1092; Los Angeles County; California!!Estimate";1.410;177;53;0;605;0;508;67;29;38
"Block Group 1; Census Tract 1092; Los Angeles County; California!!Margin of Error";±620;±98;±86;±13;±509;±13;±345;±80;±43;±63
"Block Group 2; Census Tract 1092; Los Angeles County; California!!Estimate";1.106;337;2;0;379;0;97;291;291;0
"Block Group 2; Census Tract 1092; Los Angeles County; California!!Margin of Error";±410;±135;±7;±13;±171;±13;±100;±302;±302;±13
"Block Group 3; Census Tract 1092; Los Angeles County; California!!Estimate";645;214;63;0;129;0;117;122;105;17
"Block Group 3; Census Tract 1092; Los Angeles County; California!!Margin of Error";±260;±140;±89;±13;±84;±13;±163;±166;±166;±24
"Block Group 1; Census Tract 1093; Los Angeles County; California!!Estimate";868;309;6;0;75;0;113;365;328;37
"Block Group 1; Census Tract 1093; Los Angeles County; California!!Margin of Error";±317;±126;±9;±13;±49;±13;±107;±250;±249;±33
"Block Group 2; Census Tract 1093; Los Angeles County; California!!Estimate";1.295;513;45;0;269;0;285;183;95;88
"Block Group 2; Census Tract 1093; Los Angeles County; California!!Margin of Error";±277;±180;±35;±13;±134;±13;±155;±134;±70;±114
"Block Group 3; Census Tract 1093; Los Angeles County; California!!Estimate";701;500;45;0;81;0;27;48;11;37
"Block Group 3; Census Tract 1093; Los Angeles County; California!!Margin of Error";±190;±175;±42;±13;±66;±13;±33;±43;±14;±40
"Block Group 1; Census Tract 1094; Los Angeles County; California!!Estimate";941;256;3;0;34;262;361;25;24;1
"Block Group 1; Census Tract 1094; Los Angeles County; California!!Margin of Error";±477;±215;±5;±13;±37;±254;±291;±34;±34;±2
"Block Group 2; Census Tract 1094; Los Angeles County; California!!Estimate";1.756;257;14;0;28;0;790;667;667;0
"Block Group 2; Census Tract 1094; Los Angeles County; California!!Margin of Error";±629;±168;±21;±13;±50;±13;±432;±590;±590;±13
"Block Group 3; Census Tract 1094; Los Angeles County; California!!Estimate";1.478;498;0;54;50;0;555;321;288;33
"Block Group 3; Census Tract 1094; Los Angeles County; California!!Margin of Error";±492;±260;±13;±56;±54;±13;±348;±341;±328;±51
"Block Group 1; Census Tract 1095; Los Angeles County; California!!Estimate";778;229;0;0;22;0;280;247;237;10
"Block Group 1; Census Tract 1095; Los Angeles County; California!!Margin of Error";±257;±238;±13;±13;±33;±13;±175;±213;±212;±17
"Block Group 2; Census Tract 1095; Los Angeles County; California!!Estimate";1.985;484;11;19;203;0;1.041;227;227;0
"Block Group 2; Census Tract 1095; Los Angeles County; California!!Margin of Error";±515;±219;±18;±31;±169;±13;±488;±305;±305;±13
"Block Group 3; Census Tract 1095; Los Angeles County; California!!Estimate";936;488;2;9;0;0;401;36;36;0
"Block Group 3; Census Tract 1095; Los Angeles County; California!!Margin of Error";±591;±217;±11;±15;±13;±13;±573;±56;±56;±13
"Block Group 1; Census Tract 1096.01; Los Angeles County; California!!Estimate";1.030;220;76;0;0;0;411;323;186;137
"Block Group 1; Census Tract 1096.01; Los Angeles County; California!!Margin of Error";±429;±167;±133;±13;±13;±13;±331;±313;±208;±210
"Block Group 2; Census Tract 1096.01; Los Angeles County; California!!Estimate";1.182;824;9;0;149;0;98;102;102;0
"Block Group 2; Census Tract 1096.01; Los Angeles County; California!!Margin of Error";±502;±498;±14;±13;±108;±13;±100;±144;±144;±13
"Block Group 3; Census Tract 1096.01; Los Angeles County; California!!Estimate";727;158;0;32;0;0;459;78;78;0
"Block Group 3; Census Tract 1096.01; Los Angeles County; California!!Margin of Error";±455;±121;±13;±48;±13;±13;±413;±97;±97;±13
"Block Group 4; Census Tract 1096.01; Los Angeles County; California!!Estimate";1.892;535;15;31;326;0;726;259;172;87
"Block Group 4; Census Tract 1096.01; Los Angeles County; California!!Margin of Error";±459;±241;±24;±35;±170;±13;±335;±185;±165;±78
"Block Group 1; Census Tract 1096.03; Los Angeles County; California!!Estimate";938;348;31;0;167;1;261;130;107;23
"Block Group 1; Census Tract 1096.03; Los Angeles County; California!!Margin of Error";±252;±151;±44;±13;±107;±2;±169;±88;±83;±27
"Block Group 2; Census Tract 1096.03; Los Angeles County; California!!Estimate";1.161;344;32;0;81;0;504;200;137;63
"Block Group 2; Census Tract 1096.03; Los Angeles County; California!!Margin of Error";±309;±153;±49;±13;±62;±13;±240;±149;±123;±94
"Block Group 3; Census Tract 1096.03; Los Angeles County; California!!Estimate";1.801;216;23;14;304;0;1.195;49;41;8
"Block Group 3; Census Tract 1096.03; Los Angeles County; California!!Margin of Error";±977;±115;±26;±28;±216;±13;±805;±50;±48;±15
"Block Group 1; Census Tract 1096.04; Los Angeles County; California!!Estimate";849;241;14;31;70;0;343;150;150;0
"Block Group 1; Census Tract 1096.04; Los Angeles County; California!!Margin of Error";±287;±115;±16;±37;±62;±13;±233;±103;±103;±13
"Block Group 2; Census Tract 1096.04; Los Angeles County; California!!Estimate";910;285;37;42;196;1;233;116;47;69
"Block Group 2; Census Tract 1096.04; Los Angeles County; California!!Margin of Error";±240;±135;±26;±48;±75;±3;±212;±86;±58;±72
"Block Group 3; Census Tract 1096.04; Los Angeles County; California!!Estimate";1.141;344;24;77;40;0;454;202;151;51
"Block Group 3; Census Tract 1096.04; Los Angeles County; California!!Margin of Error";±244;±128;±34;±82;±45;±13;±194;±134;±120;±70
"Block Group 1; Census Tract 1097; Los Angeles County; California!!Estimate";1.543;898;0;0;165;0;198;282;146;136
"Block Group 1; Census Tract 1097; Los Angeles County; California!!Margin of Error";±440;±349;±13;±13;±137;±13;±119;±210;±138;±164
"Block Group 2; Census Tract 1097; Los Angeles County; California!!Estimate";1.903;926;254;0;191;0;118;414;258;156
"Block Group 2; Census Tract 1097; Los Angeles County; California!!Margin of Error";±436;±375;±223;±13;±152;±13;±104;±205;±171;±116
"Block Group 3; Census Tract 1097; Los Angeles County; California!!Estimate";887;525;3;13;224;0;122;0;0;0
"Block Group 3; Census Tract 1097; Los Angeles County; California!!Margin of Error";±403;±321;±10;±21;±196;±13;±121;±13;±13;±13
"Block Group 1; Census Tract 1098; Los Angeles County; California!!Estimate";1.418;678;0;0;144;0;340;256;188;68
"Block Group 1; Census Tract 1098; Los Angeles County; California!!Margin of Error";±455;±357;±13;±13;±107;±13;±251;±253;±232;±94
"Block Group 2; Census Tract 1098; Los Angeles County; California!!Estimate";936;506;0;9;127;0;187;107;82;25
"Block Group 2; Census Tract 1098; Los Angeles County; California!!Margin of Error";±356;±255;±13;±15;±165;±13;±128;±139;±134;±41
"Block Group 3; Census Tract 1098; Los Angeles County; California!!Estimate";1.294;417;12;0;230;44;130;461;446;15
"Block Group 3; Census Tract 1098; Los Angeles County; California!!Margin of Error";±447;±179;±20;±13;±234;±61;±124;±302;±300;±20
"Block Group 4; Census Tract 1098; Los Angeles County; California!!Estimate";936;461;15;128;39;0;75;218;179;39
"Block Group 4; Census Tract 1098; Los Angeles County; California!!Margin of Error";±321;±255;±24;±183;±40;±13;±112;±148;±109;±52
"Block Group 1; Census Tract 1111; Los Angeles County; California!!Estimate";1.043;458;23;0;283;0;123;156;138;18
"Block Group 1; Census Tract 1111; Los Angeles County; California!!Margin of Error";±246;±152;±34;±13;±172;±13;±86;±107;±105;±17
"Block Group 2; Census Tract 1111; Los Angeles County; California!!Estimate";2.033;781;80;87;413;0;383;289;176;113
"Block Group 2; Census Tract 1111; Los Angeles County; California!!Margin of Error";±340;±196;±68;±128;±133;±13;±191;±167;±139;±75
"Block Group 1; Census Tract 1112.01; Los Angeles County; California!!Estimate";870;515;7;0;188;0;152;8;8;0
"Block Group 1; Census Tract 1112.01; Los Angeles County; California!!Margin of Error";±273;±225;±12;±13;±88;±13;±158;±12;±12;±13
"Block Group 2; Census Tract 1112.01; Los Angeles County; California!!Estimate";1.801;852;0;0;265;0;271;413;413;0
"Block Group 2; Census Tract 1112.01; Los Angeles County; California!!Margin of Error";±681;±357;±13;±13;±106;±13;±165;±594;±594;±13
"Block Group 3; Census Tract 1112.01; Los Angeles County; California!!Estimate";585;376;3;31;54;0;43;78;78;0
"Block Group 3; Census Tract 1112.01; Los Angeles County; California!!Margin of Error";±230;±206;±5;±55;±38;±13;±51;±97;±97;±13
"Block Group 1; Census Tract 1112.02; Los Angeles County; California!!Estimate";1.307;482;3;0;179;0;64;579;529;50
"Block Group 1; Census Tract 1112.02; Los Angeles County; California!!Margin of Error";±847;±151;±5;±13;±110;±13;±74;±824;±821;±51
"Block Group 2; Census Tract 1112.02; Los Angeles County; California!!Estimate";1.655;1.069;68;43;288;0;119;68;0;68
"Block Group 2; Census Tract 1112.02; Los Angeles County; California!!Margin of Error";±614;±599;±57;±66;±157;±13;±152;±51;±13;±51
"Block Group 3; Census Tract 1112.02; Los Angeles County; California!!Estimate";2.708;1.230;125;0;743;0;138;472;436;36
"Block Group 3; Census Tract 1112.02; Los Angeles County; California!!Margin of Error";±541;±483;±173;±13;±327;±13;±123;±384;±385;±48
"Block Group 1; Census Tract 1112.04; Los Angeles County; California!!Estimate";2.132;1.081;34;0;504;0;132;381;107;274
"Block Group 1; Census Tract 1112.04; Los Angeles County; California!!Margin of Error";±494;±263;±52;±13;±228;±13;±107;±244;±92;±266
"Block Group 2; Census Tract 1112.04; Los Angeles County; California!!Estimate";2.118;1.023;48;9;595;0;132;311;57;254
"Block Group 2; Census Tract 1112.04; Los Angeles County; California!!Margin of Error";±558;±402;±59;±14;±199;±13;±107;±186;±56;±194
"Block Group 3; Census Tract 1112.04; Los Angeles County; California!!Estimate";1.350;701;81;0;226;0;178;164;110;54
"Block Group 3; Census Tract 1112.04; Los Angeles County; California!!Margin of Error";±351;±247;±88;±13;±121;±13;±140;±136;±109;±68
"Block Group 1; Census Tract 1112.05; Los Angeles County; California!!Estimate";1.289;338;37;0;505;0;296;113;49;64
"Block Group 1; Census Tract 1112.05; Los Angeles County; California!!Margin of Error";±381;±141;±60;±13;±170;±13;±347;±87;±72;±63
"Block Group 2; Census Tract 1112.05; Los Angeles County; California!!Estimate";944;321;33;0;324;0;233;33;33;0
"Block Group 2; Census Tract 1112.05; Los Angeles County; California!!Margin of Error";±288;±195;±58;±13;±164;±13;±202;±52;±52;±13
"Block Group 3; Census Tract 1112.05; Los Angeles County; California!!Estimate";1.646;1.035;66;0;165;0;268;112;63;49
"Block Group 3; Census Tract 1112.05; Los Angeles County; California!!Margin of Error";±899;±834;±85;±13;±120;±13;±264;±95;±74;±56
"Block Group 1; Census Tract 1112.06; Los Angeles County; California!!Estimate";1.187;662;68;0;219;0;117;121;45;76
"Block Group 1; Census Tract 1112.06; Los Angeles County; California!!Margin of Error";±357;±316;±78;±13;±197;±13;±175;±112;±45;±105
"Block Group 2; Census Tract 1112.06; Los Angeles County; California!!Estimate";634;395;10;0;64;0;13;152;16;136
"Block Group 2; Census Tract 1112.06; Los Angeles County; California!!Margin of Error";±215;±171;±14;±13;±76;±13;±15;±105;±27;±100
"Block Group 3; Census Tract 1112.06; Los Angeles County; California!!Estimate";768;357;3;0;227;0;23;158;87;71
"Block Group 3; Census Tract 1112.06; Los Angeles County; California!!Margin of Error";±354;±312;±6;±13;±138;±13;±36;±119;±92;±75
"Block Group 4; Census Tract 1112.06; Los Angeles County; California!!Estimate";760;431;11;0;187;0;86;45;0;45
"Block Group 4; Census Tract 1112.06; Los Angeles County; California!!Margin of Error";±237;±158;±18;±13;±131;±13;±90;±59;±13;±59
"Block Group 5; Census Tract 1112.06; Los Angeles County; California!!Estimate";1.014;450;191;0;265;0;0;108;45;63
"Block Group 5; Census Tract 1112.06; Los Angeles County; California!!Margin of Error";±248;±156;±205;±13;±120;±13;±13;±100;±53;±66
"Block Group 1; Census Tract 1113.02; Los Angeles County; California!!Estimate";1.152;783;42;0;170;0;15;142;97;45
"Block Group 1; Census Tract 1113.02; Los Angeles County; California!!Margin of Error";±345;±196;±65;±13;±178;±13;±20;±128;±88;±70
"Block Group 2; Census Tract 1113.02; Los Angeles County; California!!Estimate";1.187;466;0;1;370;0;227;123;37;86
"Block Group 2; Census Tract 1113.02; Los Angeles County; California!!Margin of Error";±345;±175;±13;±3;±203;±13;±259;±97;±44;±85
"Block Group 3; Census Tract 1113.02; Los Angeles County; California!!Estimate";1.394;703;152;4;256;6;106;167;123;44
"Block Group 3; Census Tract 1113.02; Los Angeles County; California!!Margin of Error";±355;±263;±169;±8;±170;±10;±107;±109;±84;±53
"Block Group 4; Census Tract 1113.02; Los Angeles County; California!!Estimate";1.147;445;114;0;231;0;200;157;157;0
"Block Group 4; Census Tract 1113.02; Los Angeles County; California!!Margin of Error";±470;±405;±135;±13;±214;±13;±170;±140;±140;±13
"Block Group 1; Census Tract 1113.03; Los Angeles County; California!!Estimate";2.062;970;74;5;457;0;34;522;511;11
"Block Group 1; Census Tract 1113.03; Los Angeles County; California!!Margin of Error";±472;±347;±66;±9;±427;±13;±45;±393;±391;±19
"Block Group 2; Census Tract 1113.03; Los Angeles County; California!!Estimate";2.650;1.522;70;0;518;0;276;264;142;122
"Block Group 2; Census Tract 1113.03; Los Angeles County; California!!Margin of Error";±545;±575;±61;±13;±331;±13;±304;±156;±100;±111
"Block Group 1; Census Tract 1113.04; Los Angeles County; California!!Estimate";1.231;199;98;57;323;0;399;155;101;54
"Block Group 1; Census Tract 1113.04; Los Angeles County; California!!Margin of Error";±361;±158;±144;±110;±235;±13;±250;±162;±139;±86
"Block Group 2; Census Tract 1113.04; Los Angeles County; California!!Estimate";1.875;341;228;0;145;0;609;552;467;85
"Block Group 2; Census Tract 1113.04; Los Angeles County; California!!Margin of Error";±621;±252;±199;±13;±123;±13;±302;±483;±477;±83
"Block Group 1; Census Tract 1114.01; Los Angeles County; California!!Estimate";2.293;1.313;49;71;393;0;257;210;203;7
"Block Group 1; Census Tract 1114.01; Los Angeles County; California!!Margin of Error";±388;±440;±62;±84;±120;±13;±214;±116;±115;±13
"Block Group 1; Census Tract 1114.02; Los Angeles County; California!!Estimate";2.221;1.726;0;8;114;0;319;54;54;0
"Block Group 1; Census Tract 1114.02; Los Angeles County; California!!Margin of Error";±912;±877;±13;±13;±108;±13;±304;±50;±50;±13
"Block Group 2; Census Tract 1114.02; Los Angeles County; California!!Estimate";1.828;953;5;0;165;0;632;73;29;44
"Block Group 2; Census Tract 1114.02; Los Angeles County; California!!Margin of Error";±469;±296;±10;±13;±102;±13;±415;±54;±26;±43
"Block Group 3; Census Tract 1114.02; Los Angeles County; California!!Estimate";2.097;800;11;15;656;0;94;521;475;46
"Block Group 3; Census Tract 1114.02; Los Angeles County; California!!Margin of Error";±768;±455;±9;±24;±575;±13;±74;±408;±404;±52
"Block Group 1; Census Tract 1131.01; Los Angeles County; California!!Estimate";1.553;1.168;81;0;159;0;107;38;38;0
"Block Group 1; Census Tract 1131.01; Los Angeles County; California!!Margin of Error";±387;±389;±94;±13;±108;±13;±75;±36;±36;±13
"Block Group 2; Census Tract 1131.01; Los Angeles County; California!!Estimate";1.972;1.150;91;0;394;0;126;211;98;113
"Block Group 2; Census Tract 1131.01; Los Angeles County; California!!Margin of Error";±339;±385;±90;±13;±162;±13;±94;±133;±93;±91
"Block Group 1; Census Tract 1131.02; Los Angeles County; California!!Estimate";1.648;953;9;0;333;0;0;353;80;273
"Block Group 1; Census Tract 1131.02; Los Angeles County; California!!Margin of Error";±286;±219;±13;±13;±194;±13;±13;±236;±77;±213
"Block Group 2; Census Tract 1131.02; Los Angeles County; California!!Estimate";1.136;714;22;0;89;0;96;215;215;0
"Block Group 2; Census Tract 1131.02; Los Angeles County; California!!Margin of Error";±241;±222;±19;±13;±109;±13;±93;±134;±134;±13
"Block Group 1; Census Tract 1132.11; Los Angeles County; California!!Estimate";1.945;1.101;181;0;397;0;194;72;71;1
"Block Group 1; Census Tract 1132.11; Los Angeles County; California!!Margin of Error";±375;±280;±196;±13;±146;±13;±183;±90;±90;±2
"Block Group 2; Census Tract 1132.11; Los Angeles County; California!!Estimate";2.303;1.325;311;8;265;0;182;212;28;184
"Block Group 2; Census Tract 1132.11; Los Angeles County; California!!Margin of Error";±636;±376;±386;±13;±121;±13;±151;±147;±36;±143
"Block Group 1; Census Tract 1132.12; Los Angeles County; California!!Estimate";769;290;32;0;126;0;210;111;97;14
"Block Group 1; Census Tract 1132.12; Los Angeles County; California!!Margin of Error";±210;±101;±46;±13;±80;±13;±139;±98;±95;±18
"Block Group 2; Census Tract 1132.12; Los Angeles County; California!!Estimate";2.119;728;87;71;702;0;294;237;25;212
"Block Group 2; Census Tract 1132.12; Los Angeles County; California!!Margin of Error";±446;±200;±81;±64;±199;±13;±224;±274;±37;±275
"Block Group 1; Census Tract 1132.13; Los Angeles County; California!!Estimate";3.586;1.748;102;7;615;0;409;705;228;477
"Block Group 1; Census Tract 1132.13; Los Angeles County; California!!Margin of Error";±702;±379;±94;±11;±217;±13;±254;±376;±149;±350
"Block Group 2; Census Tract 1132.13; Los Angeles County; California!!Estimate";1.501;454;60;5;442;0;340;200;118;82
"Block Group 2; Census Tract 1132.13; Los Angeles County; California!!Margin of Error";±346;±176;±49;±8;±175;±13;±222;±98;±67;±63
"Block Group 1; Census Tract 1132.31; Los Angeles County; California!!Estimate";826;560;5;0;42;0;0;219;145;74
"Block Group 1; Census Tract 1132.31; Los Angeles County; California!!Margin of Error";±242;±202;±8;±13;±32;±13;±13;±142;±133;±55
"Block Group 2; Census Tract 1132.31; Los Angeles County; California!!Estimate";1.335;902;80;0;135;0;59;159;42;117
"Block Group 2; Census Tract 1132.31; Los Angeles County; California!!Margin of Error";±226;±191;±99;±13;±80;±13;±58;±74;±38;±72
"Block Group 1; Census Tract 1132.32; Los Angeles County; California!!Estimate";2.837;1.860;30;0;480;0;126;341;105;236
"Block Group 1; Census Tract 1132.32; Los Angeles County; California!!Margin of Error";±629;±509;±30;±13;±247;±13;±89;±242;±92;±210
"Block Group 2; Census Tract 1132.32; Los Angeles County; California!!Estimate";1.759;934;169;0;150;0;303;203;82;121
"Block Group 2; Census Tract 1132.32; Los Angeles County; California!!Margin of Error";±334;±265;±143;±13;±113;±13;±187;±159;±92;±125
"Block Group 1; Census Tract 1132.34; Los Angeles County; California!!Estimate";1.284;608;145;0;98;0;204;229;229;0
"Block Group 1; Census Tract 1132.34; Los Angeles County; California!!Margin of Error";±364;±206;±237;±13;±85;±13;±188;±212;±212;±13
"Block Group 2; Census Tract 1132.34; Los Angeles County; California!!Estimate";1.043;334;50;0;285;0;334;40;0;40
"Block Group 2; Census Tract 1132.34; Los Angeles County; California!!Margin of Error";±347;±167;±76;±13;±155;±13;±260;±32;±13;±32
"Block Group 3; Census Tract 1132.34; Los Angeles County; California!!Estimate";2.474;487;50;256;311;0;964;406;406;0
"Block Group 3; Census Tract 1132.34; Los Angeles County; California!!Margin of Error";±1,246;±315;±69;±398;±236;±13;±1,134;±308;±308;±13
"Block Group 4; Census Tract 1132.34; Los Angeles County; California!!Estimate";852;420;43;0;156;0;211;22;22;0
"Block Group 4; Census Tract 1132.34; Los Angeles County; California!!Margin of Error";±325;±208;±68;±13;±122;±13;±261;±34;±34;±13
"Block Group 1; Census Tract 1132.35; Los Angeles County; California!!Estimate";1.727;917;82;9;51;0;367;301;124;177
"Block Group 1; Census Tract 1132.35; Los Angeles County; California!!Margin of Error";±351;±177;±66;±14;±32;±13;±338;±118;±97;±85
"Block Group 1; Census Tract 1132.37; Los Angeles County; California!!Estimate";3.009;1.471;291;25;467;0;257;498;152;346
"Block Group 1; Census Tract 1132.37; Los Angeles County; California!!Margin of Error";±863;±577;±254;±30;±193;±13;±218;±309;±116;±284
"Block Group 2; Census Tract 1132.37; Los Angeles County; California!!Estimate";1.716;675;128;0;710;0;26;177;136;41
"Block Group 2; Census Tract 1132.37; Los Angeles County; California!!Margin of Error";±788;±289;±135;±13;±763;±13;±39;±129;±116;±53
"Block Group 1; Census Tract 1132.38; Los Angeles County; California!!Estimate";1.024;428;67;0;303;0;175;51;30;21
"Block Group 1; Census Tract 1132.38; Los Angeles County; California!!Margin of Error";±404;±313;±82;±13;±209;±13;±152;±54;±38;±36
"Block Group 2; Census Tract 1132.38; Los Angeles County; California!!Estimate";2.702;745;97;0;368;0;1.148;344;45;299
"Block Group 2; Census Tract 1132.38; Los Angeles County; California!!Margin of Error";±766;±620;±103;±13;±186;±13;±678;±274;±67;±233
"Block Group 3; Census Tract 1132.38; Los Angeles County; California!!Estimate";821;624;0;0;157;0;29;11;11;0
"Block Group 3; Census Tract 1132.38; Los Angeles County; California!!Margin of Error";±330;±323;±13;±13;±110;±13;±87;±18;±18;±13
"Block Group 1; Census Tract 1132.39; Los Angeles County; California!!Estimate";893;434;23;25;165;10;204;32;32;0
"Block Group 1; Census Tract 1132.39; Los Angeles County; California!!Margin of Error";±239;±113;±33;±31;±112;±17;±260;±49;±49;±13
"Block Group 2; Census Tract 1132.39; Los Angeles County; California!!Estimate";1.450;309;280;0;120;0;678;63;55;8
"Block Group 2; Census Tract 1132.39; Los Angeles County; California!!Margin of Error";±354;±140;±309;±13;±81;±13;±307;±71;±68;±16
"Block Group 1; Census Tract 1133.01; Los Angeles County; California!!Estimate";769;592;18;0;102;0;57;0;0;0
"Block Group 1; Census Tract 1133.01; Los Angeles County; California!!Margin of Error";±291;±306;±27;±13;±133;±13;±74;±13;±13;±13
"Block Group 2; Census Tract 1133.01; Los Angeles County; California!!Estimate";4.061;2.266;282;8;966;40;140;359;289;70
"Block Group 2; Census Tract 1133.01; Los Angeles County; California!!Margin of Error";±724;±684;±377;±14;±327;±57;±96;±298;±279;±74
"Block Group 1; Census Tract 1133.03; Los Angeles County; California!!Estimate";2.583;1.556;0;25;456;0;262;284;216;68
"Block Group 1; Census Tract 1133.03; Los Angeles County; California!!Margin of Error";±340;±367;±13;±27;±138;±13;±188;±172;±168;±47
"Block Group 2; Census Tract 1133.03; Los Angeles County; California!!Estimate";1.191;559;81;36;241;0;144;130;79;51
"Block Group 2; Census Tract 1133.03; Los Angeles County; California!!Margin of Error";±277;±198;±125;±65;±158;±13;±114;±140;±99;±101
"Block Group 1; Census Tract 1133.22; Los Angeles County; California!!Estimate";1.852;1.271;79;12;290;0;41;159;86;73
"Block Group 1; Census Tract 1133.22; Los Angeles County; California!!Margin of Error";±477;±419;±76;±19;±263;±13;±30;±122;±70;±75
"Block Group 2; Census Tract 1133.22; Los Angeles County; California!!Estimate";2.732;1.293;535;31;234;0;308;331;209;122
"Block Group 2; Census Tract 1133.22; Los Angeles County; California!!Margin of Error";±776;±436;±704;±46;±152;±13;±253;±201;±166;±111
"Block Group 1; Census Tract 1133.23; Los Angeles County; California!!Estimate";2.266;863;69;0;308;41;472;513;349;164
"Block Group 1; Census Tract 1133.23; Los Angeles County; California!!Margin of Error";±509;±332;±80;±13;±179;±66;±330;±265;±242;±108
"Block Group 2; Census Tract 1133.23; Los Angeles County; California!!Estimate";1.353;618;55;0;173;18;360;129;129;0
"Block Group 2; Census Tract 1133.23; Los Angeles County; California!!Margin of Error";±354;±300;±88;±13;±129;±30;±317;±128;±128;±13
"Block Group 1; Census Tract 1133.24; Los Angeles County; California!!Estimate";2.771;1.270;178;0;324;0;129;870;816;54
"Block Group 1; Census Tract 1133.24; Los Angeles County; California!!Margin of Error";±1,569;±458;±133;±13;±144;±13;±155;±1,229;±1,225;±98
"Block Group 1; Census Tract 1134.23; Los Angeles County; California!!Estimate";1.461;643;0;0;73;0;336;409;384;25
"Block Group 1; Census Tract 1134.23; Los Angeles County; California!!Margin of Error";±730;±292;±13;±13;±77;±13;±205;±506;±503;±31
"Block Group 2; Census Tract 1134.23; Los Angeles County; California!!Estimate";1.616;379;68;24;197;0;828;120;45;75
"Block Group 2; Census Tract 1134.23; Los Angeles County; California!!Margin of Error";±442;±185;±76;±40;±108;±13;±379;±104;±63;±79
"Block Group 1; Census Tract 1134.24; Los Angeles County; California!!Estimate";2.298;682;48;0;365;0;1.023;180;38;142
"Block Group 1; Census Tract 1134.24; Los Angeles County; California!!Margin of Error";±682;±230;±54;±13;±161;±13;±622;±103;±38;±93
"Block Group 2; Census Tract 1134.24; Los Angeles County; California!!Estimate";1.048;360;41;0;279;0;171;197;122;75
"Block Group 2; Census Tract 1134.24; Los Angeles County; California!!Margin of Error";±304;±231;±65;±13;±232;±13;±109;±183;±156;±80
"Block Group 1; Census Tract 1134.25; Los Angeles County; California!!Estimate";1.241;243;184;0;98;0;311;405;386;19
"Block Group 1; Census Tract 1134.25; Los Angeles County; California!!Margin of Error";±463;±164;±147;±13;±102;±13;±218;±327;±325;±30
"Block Group 2; Census Tract 1134.25; Los Angeles County; California!!Estimate";3.258;961;120;0;178;0;1.668;331;199;132
"Block Group 2; Census Tract 1134.25; Los Angeles County; California!!Margin of Error";±760;±403;±139;±13;±173;±13;±567;±170;±163;±85
"Block Group 1; Census Tract 1134.26; Los Angeles County; California!!Estimate";2.322;731;15;0;414;0;734;428;325;103
"Block Group 1; Census Tract 1134.26; Los Angeles County; California!!Margin of Error";±350;±300;±17;±13;±124;±13;±217;±235;±214;±70
"Block Group 1; Census Tract 1134.27; Los Angeles County; California!!Estimate";1.397;320;221;0;219;0;615;22;0;22
"Block Group 1; Census Tract 1134.27; Los Angeles County; California!!Margin of Error";±370;±172;±182;±13;±105;±13;±306;±37;±13;±37
"Block Group 2; Census Tract 1134.27; Los Angeles County; California!!Estimate";963;323;104;4;108;0;258;166;80;86
"Block Group 2; Census Tract 1134.27; Los Angeles County; California!!Margin of Error";±374;±185;±120;±16;±109;±13;±258;±176;±117;±104
"Block Group 1; Census Tract 1134.28; Los Angeles County; California!!Estimate";1.133;550;12;0;294;0;98;179;124;55
"Block Group 1; Census Tract 1134.28; Los Angeles County; California!!Margin of Error";±484;±348;±28;±13;±174;±13;±112;±161;±159;±30
"Block Group 2; Census Tract 1134.28; Los Angeles County; California!!Estimate";1.269;650;0;0;117;0;495;7;0;7
"Block Group 2; Census Tract 1134.28; Los Angeles County; California!!Margin of Error";±323;±299;±13;±13;±89;±13;±340;±21;±13;±21
"Block Group 3; Census Tract 1134.28; Los Angeles County; California!!Estimate";1.820;1.284;0;0;117;0;177;242;152;90
"Block Group 3; Census Tract 1134.28; Los Angeles County; California!!Margin of Error";±1,448;±1,402;±13;±13;±124;±13;±266;±255;±225;±104
"Block Group 1; Census Tract 1151.01; Los Angeles County; California!!Estimate";1.320;635;7;0;284;0;253;141;68;73
"Block Group 1; Census Tract 1151.01; Los Angeles County; California!!Margin of Error";±307;±204;±19;±13;±104;±13;±246;±85;±79;±77
"Block Group 2; Census Tract 1151.01; Los Angeles County; California!!Estimate";1.956;1.151;22;9;292;0;127;355;132;223
"Block Group 2; Census Tract 1151.01; Los Angeles County; California!!Margin of Error";±362;±274;±33;±16;±191;±13;±123;±216;±120;±186
"Block Group 3; Census Tract 1151.01; Los Angeles County; California!!Estimate";1.402;874;0;0;147;0;270;111;111;0
"Block Group 3; Census Tract 1151.01; Los Angeles County; California!!Margin of Error";±497;±352;±13;±13;±125;±13;±257;±107;±107;±13
"Block Group 1; Census Tract 1151.03; Los Angeles County; California!!Estimate";2.725;1.322;228;5;580;3;310;277;115;162
"Block Group 1; Census Tract 1151.03; Los Angeles County; California!!Margin of Error";±67;±194;±95;±10;±154;±6;±165;±117;±72;±99
"Block Group 1; Census Tract 1151.04; Los Angeles County; California!!Estimate";715;471;0;15;53;0;172;4;4;0
"Block Group 1; Census Tract 1151.04; Los Angeles County; California!!Margin of Error";±171;±144;±13;±29;±71;±13;±135;±8;±8;±13
"Block Group 2; Census Tract 1151.04; Los Angeles County; California!!Estimate";960;338;154;71;215;0;161;21;21;0
"Block Group 2; Census Tract 1151.04; Los Angeles County; California!!Margin of Error";±355;±244;±204;±95;±177;±13;±116;±31;±31;±13
"Block Group 3; Census Tract 1151.04; Los Angeles County; California!!Estimate";982;444;113;0;237;0;80;108;64;44
"Block Group 3; Census Tract 1151.04; Los Angeles County; California!!Margin of Error";±395;±261;±97;±13;±185;±13;±97;±90;±100;±57
"Block Group 4; Census Tract 1151.04; Los Angeles County; California!!Estimate";1.670;296;503;0;562;0;99;210;172;38
"Block Group 4; Census Tract 1151.04; Los Angeles County; California!!Margin of Error";±498;±122;±387;±13;±264;±13;±94;±222;±214;±40
"Block Group 1; Census Tract 1152.02; Los Angeles County; California!!Estimate";1.957;866;186;1;228;0;278;398;323;75
"Block Group 1; Census Tract 1152.02; Los Angeles County; California!!Margin of Error";±546;±315;±175;±10;±164;±13;±197;±292;±286;±74
"Block Group 2; Census Tract 1152.02; Los Angeles County; California!!Estimate";2.704;773;19;0;510;0;1.327;75;11;64
"Block Group 2; Census Tract 1152.02; Los Angeles County; California!!Margin of Error";±934;±324;±28;±13;±312;±13;±879;±55;±19;±50
"Block Group 3; Census Tract 1152.02; Los Angeles County; California!!Estimate";1.349;460;69;15;207;60;258;280;230;50
"Block Group 3; Census Tract 1152.02; Los Angeles County; California!!Margin of Error";±387;±190;±52;±24;±173;±95;±181;±229;±228;±52
"Block Group 1; Census Tract 1152.03; Los Angeles County; California!!Estimate";1.811;656;43;21;240;0;546;305;305;0
"Block Group 1; Census Tract 1152.03; Los Angeles County; California!!Margin of Error";±475;±226;±50;±36;±147;±13;±426;±197;±197;±13
"Block Group 2; Census Tract 1152.03; Los Angeles County; California!!Estimate";425;190;36;0;63;0;136;0;0;0
"Block Group 2; Census Tract 1152.03; Los Angeles County; California!!Margin of Error";±211;±156;±59;±13;±76;±13;±208;±13;±13;±13
"Block Group 1; Census Tract 1152.04; Los Angeles County; California!!Estimate";1.770;588;230;0;175;0;573;204;116;88
"Block Group 1; Census Tract 1152.04; Los Angeles County; California!!Margin of Error";±409;±204;±275;±13;±150;±13;±258;±164;±141;±88
"Block Group 2; Census Tract 1152.04; Los Angeles County; California!!Estimate";2.036;922;353;0;451;0;148;162;42;120
"Block Group 2; Census Tract 1152.04; Los Angeles County; California!!Margin of Error";±627;±340;±461;±13;±179;±13;±135;±139;±67;±125
"Block Group 1; Census Tract 1153.01; Los Angeles County; California!!Estimate";1.412;784;31;0;334;0;83;180;112;68
"Block Group 1; Census Tract 1153.01; Los Angeles County; California!!Margin of Error";±359;±289;±46;±13;±180;±13;±91;±122;±112;±69
"Block Group 2; Census Tract 1153.01; Los Angeles County; California!!Estimate";1.205;145;42;0;720;0;186;112;0;112
"Block Group 2; Census Tract 1153.01; Los Angeles County; California!!Margin of Error";±597;±76;±43;±13;±597;±13;±136;±158;±13;±158
"Block Group 3; Census Tract 1153.01; Los Angeles County; California!!Estimate";1.018;532;0;0;169;0;181;136;129;7
"Block Group 3; Census Tract 1153.01; Los Angeles County; California!!Margin of Error";±196;±198;±13;±13;±99;±13;±150;±115;±114;±12
"Block Group 4; Census Tract 1153.01; Los Angeles County; California!!Estimate";876;476;41;0;124;0;175;60;0;60
"Block Group 4; Census Tract 1153.01; Los Angeles County; California!!Margin of Error";±301;±189;±57;±13;±130;±13;±185;±100;±13;±100
"Block Group 1; Census Tract 1153.02; Los Angeles County; California!!Estimate";1.077;140;61;90;32;0;647;107;80;27
"Block Group 1; Census Tract 1153.02; Los Angeles County; California!!Margin of Error";±272;±132;±58;±82;±34;±13;±252;±109;±107;±40
"Block Group 2; Census Tract 1153.02; Los Angeles County; California!!Estimate";1.414;113;70;0;53;0;1.019;159;145;14
"Block Group 2; Census Tract 1153.02; Los Angeles County; California!!Margin of Error";±385;±80;±54;±13;±52;±13;±387;±101;±101;±21
"Block Group 3; Census Tract 1153.02; Los Angeles County; California!!Estimate";1.421;450;39;132;289;0;485;26;7;19
"Block Group 3; Census Tract 1153.02; Los Angeles County; California!!Margin of Error";±321;±144;±30;±195;±88;±13;±270;±28;±11;±25
"Block Group 1; Census Tract 1154.01; Los Angeles County; California!!Estimate";1.629;559;134;0;288;0;554;94;69;25
"Block Group 1; Census Tract 1154.01; Los Angeles County; California!!Margin of Error";±363;±240;±129;±13;±181;±13;±311;±93;±89;±33
"Block Group 2; Census Tract 1154.01; Los Angeles County; California!!Estimate";1.150;286;46;0;0;0;788;30;30;0
"Block Group 2; Census Tract 1154.01; Los Angeles County; California!!Margin of Error";±395;±226;±59;±13;±13;±13;±409;±48;±48;±13
"Block Group 3; Census Tract 1154.01; Los Angeles County; California!!Estimate";1.755;915;37;0;593;0;111;99;71;28
"Block Group 3; Census Tract 1154.01; Los Angeles County; California!!Margin of Error";±515;±332;±54;±13;±426;±13;±82;±87;±80;±32
"Block Group 4; Census Tract 1154.01; Los Angeles County; California!!Estimate";1.313;594;59;0;162;0;345;153;108;45
"Block Group 4; Census Tract 1154.01; Los Angeles County; California!!Margin of Error";±494;±318;±80;±13;±139;±13;±252;±110;±114;±51
"Block Group 1; Census Tract 1154.03; Los Angeles County; California!!Estimate";1.491;315;96;0;108;0;814;158;96;62
"Block Group 1; Census Tract 1154.03; Los Angeles County; California!!Margin of Error";±356;±137;±147;±13;±87;±13;±318;±150;±108;±109
"Block Group 2; Census Tract 1154.03; Los Angeles County; California!!Estimate";1.986;296;86;0;345;0;1.066;193;57;136
"Block Group 2; Census Tract 1154.03; Los Angeles County; California!!Margin of Error";±932;±99;±77;±13;±173;±13;±885;±161;±49;±156
"Block Group 1; Census Tract 1154.04; Los Angeles County; California!!Estimate";1.146;455;107;0;213;0;247;124;53;71
"Block Group 1; Census Tract 1154.04; Los Angeles County; California!!Margin of Error";±304;±198;±103;±13;±96;±13;±150;±63;±38;±49
"Block Group 2; Census Tract 1154.04; Los Angeles County; California!!Estimate";1.684;380;77;0;363;0;678;186;65;121
"Block Group 2; Census Tract 1154.04; Los Angeles County; California!!Margin of Error";±378;±171;±90;±13;±133;±13;±298;±169;±56;±162
"Block Group 1; Census Tract 1171.01; Los Angeles County; California!!Estimate";1.834;865;316;0;360;0;175;118;69;49
"Block Group 1; Census Tract 1171.01; Los Angeles County; California!!Margin of Error";±525;±305;±353;±13;±174;±13;±171;±113;±100;±61
"Block Group 2; Census Tract 1171.01; Los Angeles County; California!!Estimate";1.593;545;204;0;599;0;127;118;44;74
"Block Group 2; Census Tract 1171.01; Los Angeles County; California!!Margin of Error";±468;±394;±248;±13;±368;±13;±109;±118;±49;±101
"Block Group 3; Census Tract 1171.01; Los Angeles County; California!!Estimate";1.825;333;162;0;450;0;622;258;184;74
"Block Group 3; Census Tract 1171.01; Los Angeles County; California!!Margin of Error";±815;±297;±157;±13;±294;±13;±658;±271;±250;±111
"Block Group 1; Census Tract 1171.02; Los Angeles County; California!!Estimate";977;374;0;0;167;0;346;90;90;0
"Block Group 1; Census Tract 1171.02; Los Angeles County; California!!Margin of Error";±335;±207;±13;±13;±130;±13;±310;±106;±106;±13
"Block Group 2; Census Tract 1171.02; Los Angeles County; California!!Estimate";1.527;680;70;3;192;0;446;136;132;4
"Block Group 2; Census Tract 1171.02; Los Angeles County; California!!Margin of Error";±279;±235;±64;±6;±130;±13;±186;±114;±114;±6
"Block Group 1; Census Tract 1172.01; Los Angeles County; California!!Estimate";1.560;584;12;20;313;0;319;312;269;43
"Block Group 1; Census Tract 1172.01; Los Angeles County; California!!Margin of Error";±370;±285;±19;±33;±182;±13;±171;±182;±183;±64
"Block Group 2; Census Tract 1172.01; Los Angeles County; California!!Estimate";1.390;256;35;9;195;0;748;147;80;67
"Block Group 2; Census Tract 1172.01; Los Angeles County; California!!Margin of Error";±497;±166;±40;±13;±102;±13;±506;±118;±97;±67
"Block Group 3; Census Tract 1172.01; Los Angeles County; California!!Estimate";1.300;172;42;0;108;0;749;229;48;181
"Block Group 3; Census Tract 1172.01; Los Angeles County; California!!Margin of Error";±312;±143;±43;±13;±89;±13;±280;±268;±46;±253
"Block Group 1; Census Tract 1172.02; Los Angeles County; California!!Estimate";1.865;695;62;40;326;0;227;515;432;83
"Block Group 1; Census Tract 1172.02; Los Angeles County; California!!Margin of Error";±437;±196;±40;±57;±140;±13;±155;±409;±403;±47
"Block Group 2; Census Tract 1172.02; Los Angeles County; California!!Estimate";988;362;80;0;364;0;67;115;66;49
"Block Group 2; Census Tract 1172.02; Los Angeles County; California!!Margin of Error";±204;±151;±96;±13;±136;±13;±48;±66;±54;±37
"Block Group 1; Census Tract 1173.01; Los Angeles County; California!!Estimate";1.560;574;23;0;462;0;295;206;26;180
"Block Group 1; Census Tract 1173.01; Los Angeles County; California!!Margin of Error";±422;±270;±26;±13;±244;±13;±201;±158;±37;±143
"Block Group 2; Census Tract 1173.01; Los Angeles County; California!!Estimate";1.269;570;31;8;110;0;322;228;156;72
"Block Group 2; Census Tract 1173.01; Los Angeles County; California!!Margin of Error";±372;±200;±36;±14;±87;±13;±199;±179;±149;±92
"Block Group 3; Census Tract 1173.01; Los Angeles County; California!!Estimate";803;356;102;0;56;0;140;149;46;103
"Block Group 3; Census Tract 1173.01; Los Angeles County; California!!Margin of Error";±240;±148;±90;±13;±70;±13;±165;±123;±74;±104
"Block Group 1; Census Tract 1173.02; Los Angeles County; California!!Estimate";1.435;465;229;0;522;0;156;63;56;7
"Block Group 1; Census Tract 1173.02; Los Angeles County; California!!Margin of Error";±584;±147;±214;±13;±510;±13;±191;±57;±55;±12
"Block Group 2; Census Tract 1173.02; Los Angeles County; California!!Estimate";828;594;0;0;160;0;58;16;16;0
"Block Group 2; Census Tract 1173.02; Los Angeles County; California!!Margin of Error";±290;±257;±13;±13;±96;±13;±64;±25;±25;±13
"Block Group 3; Census Tract 1173.02; Los Angeles County; California!!Estimate";1.371;914;0;0;180;0;33;244;188;56
"Block Group 3; Census Tract 1173.02; Los Angeles County; California!!Margin of Error";±370;±259;±13;±13;±119;±13;±45;±230;±208;±53
"Block Group 4; Census Tract 1173.02; Los Angeles County; California!!Estimate";1.323;464;179;14;160;0;255;251;138;113
"Block Group 4; Census Tract 1173.02; Los Angeles County; California!!Margin of Error";±379;±172;±154;±22;±103;±13;±162;±142;±99;±109
"Block Group 1; Census Tract 1173.03; Los Angeles County; California!!Estimate";2.711;1.236;272;0;469;0;631;103;74;29
"Block Group 1; Census Tract 1173.03; Los Angeles County; California!!Margin of Error";±492;±437;±236;±13;±220;±13;±368;±71;±66;±30
"Block Group 2; Census Tract 1173.03; Los Angeles County; California!!Estimate";1.717;246;27;0;194;0;712;538;521;17
"Block Group 2; Census Tract 1173.03; Los Angeles County; California!!Margin of Error";±1,020;±133;±41;±13;±176;±13;±698;±356;±351;±18
"Block Group 1; Census Tract 1174.04; Los Angeles County; California!!Estimate";1.009;456;85;16;295;0;92;65;39;26
"Block Group 1; Census Tract 1174.04; Los Angeles County; California!!Margin of Error";±549;±421;±132;±101;±225;±13;±135;±57;±61;±24
"Block Group 2; Census Tract 1174.04; Los Angeles County; California!!Estimate";1.716;752;0;78;193;0;274;419;383;36
"Block Group 2; Census Tract 1174.04; Los Angeles County; California!!Margin of Error";±917;±787;±13;±121;±144;±13;±529;±539;±530;±47
"Block Group 3; Census Tract 1174.04; Los Angeles County; California!!Estimate";2.823;780;292;6;188;0;1.185;372;201;171
"Block Group 3; Census Tract 1174.04; Los Angeles County; California!!Margin of Error";±899;±291;±404;±10;±128;±13;±879;±227;±145;±178
"Block Group 1; Census Tract 1174.05; Los Angeles County; California!!Estimate";2.418;445;59;0;3;0;1.414;497;487;10
"Block Group 1; Census Tract 1174.05; Los Angeles County; California!!Margin of Error";±566;±249;±78;±13;±7;±13;±323;±449;±451;±15
"Block Group 2; Census Tract 1174.05; Los Angeles County; California!!Estimate";758;266;22;0;26;0;330;114;114;0
"Block Group 2; Census Tract 1174.05; Los Angeles County; California!!Margin of Error";±250;±182;±29;±13;±24;±13;±179;±81;±81;±13
"Block Group 1; Census Tract 1174.07; Los Angeles County; California!!Estimate";905;85;23;7;47;0;597;146;85;61
"Block Group 1; Census Tract 1174.07; Los Angeles County; California!!Margin of Error";±253;±81;±25;±10;±67;±13;±234;±101;±66;±84
"Block Group 2; Census Tract 1174.07; Los Angeles County; California!!Estimate";2.661;332;0;47;39;0;2.034;209;205;4
"Block Group 2; Census Tract 1174.07; Los Angeles County; California!!Margin of Error";±444;±229;±13;±63;±59;±13;±396;±139;±139;±8
"Block Group 1; Census Tract 1174.08; Los Angeles County; California!!Estimate";2.404;522;203;51;162;0;1.207;259;232;27
"Block Group 1; Census Tract 1174.08; Los Angeles County; California!!Margin of Error";±291;±204;±230;±71;±100;±13;±236;±149;±147;±25
"Block Group 1; Census Tract 1175.10; Los Angeles County; California!!Estimate";750;147;13;0;103;0;487;0;0;0
"Block Group 1; Census Tract 1175.10; Los Angeles County; California!!Margin of Error";±315;±171;±19;±13;±74;±13;±287;±13;±13;±13
"Block Group 2; Census Tract 1175.10; Los Angeles County; California!!Estimate";1.350;328;60;31;26;0;646;259;259;0
"Block Group 2; Census Tract 1175.10; Los Angeles County; California!!Margin of Error";±432;±179;±95;±47;±41;±13;±396;±196;±196;±13
"Block Group 3; Census Tract 1175.10; Los Angeles County; California!!Estimate";1.707;255;173;21;125;0;643;490;490;0
"Block Group 3; Census Tract 1175.10; Los Angeles County; California!!Margin of Error";±524;±216;±268;±33;±155;±13;±290;±432;±432;±13
"Block Group 1; Census Tract 1175.20; Los Angeles County; California!!Estimate";2.350;464;104;0;279;0;1.029;474;403;71
"Block Group 1; Census Tract 1175.20; Los Angeles County; California!!Margin of Error";±474;±218;±86;±13;±137;±13;±398;±300;±295;±62
"Block Group 2; Census Tract 1175.20; Los Angeles County; California!!Estimate";2.221;200;70;67;0;0;1.567;317;295;22
"Block Group 2; Census Tract 1175.20; Los Angeles County; California!!Margin of Error";±466;±92;±70;±87;±13;±13;±438;±274;±277;±25
"Block Group 1; Census Tract 1175.30; Los Angeles County; California!!Estimate";1.277;86;0;65;54;0;1.033;39;39;0
"Block Group 1; Census Tract 1175.30; Los Angeles County; California!!Margin of Error";±500;±58;±13;±94;±45;±13;±469;±61;±61;±13
"Block Group 2; Census Tract 1175.30; Los Angeles County; California!!Estimate";1.664;265;0;0;310;0;787;302;242;60
"Block Group 2; Census Tract 1175.30; Los Angeles County; California!!Margin of Error";±453;±214;±13;±13;±143;±13;±359;±232;±219;±79
"Block Group 3; Census Tract 1175.30; Los Angeles County; California!!Estimate";1.862;618;138;0;347;0;650;109;93;16
"Block Group 3; Census Tract 1175.30; Los Angeles County; California!!Margin of Error";±461;±290;±128;±13;±176;±13;±344;±112;±92;±23
"Block Group 4; Census Tract 1175.30; Los Angeles County; California!!Estimate";1.160;146;52;24;70;0;643;225;208;17
"Block Group 4; Census Tract 1175.30; Los Angeles County; California!!Margin of Error";±369;±99;±60;±41;±68;±13;±313;±197;±193;±27
"Block Group 1; Census Tract 1190.01; Los Angeles County; California!!Estimate";2.467;683;17;0;647;16;432;672;629;43
"Block Group 1; Census Tract 1190.01; Los Angeles County; California!!Margin of Error";±625;±319;±22;±13;±347;±24;±237;±426;±415;±36
"Block Group 2; Census Tract 1190.01; Los Angeles County; California!!Estimate";1.995;815;0;40;184;0;613;343;221;122
"Block Group 2; Census Tract 1190.01; Los Angeles County; California!!Margin of Error";±398;±260;±13;±68;±188;±13;±255;±235;±178;±171
"Block Group 1; Census Tract 1190.03; Los Angeles County; California!!Estimate";871;516;13;21;148;0;123;50;32;18
"Block Group 1; Census Tract 1190.03; Los Angeles County; California!!Margin of Error";±461;±462;±6;±31;±161;±13;±88;±58;±51;±29
"Block Group 2; Census Tract 1190.03; Los Angeles County; California!!Estimate";1.783;1.212;0;58;96;0;54;363;306;57
"Block Group 2; Census Tract 1190.03; Los Angeles County; California!!Margin of Error";±719;±701;±13;±96;±122;±13;±75;±300;±291;±80
"Block Group 3; Census Tract 1190.03; Los Angeles County; California!!Estimate";1.241;609;0;0;26;0;277;329;315;14
"Block Group 3; Census Tract 1190.03; Los Angeles County; California!!Margin of Error";±539;±499;±13;±13;±40;±13;±191;±230;±225;±22
"Block Group 1; Census Tract 1190.04; Los Angeles County; California!!Estimate";716;291;0;0;69;0;150;206;206;0
"Block Group 1; Census Tract 1190.04; Los Angeles County; California!!Margin of Error";±313;±225;±13;±13;±111;±13;±126;±148;±148;±13
"Block Group 2; Census Tract 1190.04; Los Angeles County; California!!Estimate";2.052;932;0;0;213;0;652;255;234;21
"Block Group 2; Census Tract 1190.04; Los Angeles County; California!!Margin of Error";±1,138;±972;±13;±13;±158;±13;±461;±247;±244;±34
"Block Group 1; Census Tract 1192.01; Los Angeles County; California!!Estimate";1.085;463;16;87;52;0;444;23;19;4
"Block Group 1; Census Tract 1192.01; Los Angeles County; California!!Margin of Error";±258;±211;±19;±115;±66;±13;±204;±29;±28;±7
"Block Group 2; Census Tract 1192.01; Los Angeles County; California!!Estimate";1.538;276;0;24;56;0;486;696;689;7
"Block Group 2; Census Tract 1192.01; Los Angeles County; California!!Margin of Error";±891;±174;±13;±43;±69;±13;±271;±827;±827;±10
"Block Group 3; Census Tract 1192.01; Los Angeles County; California!!Estimate";1.789;654;23;42;84;0;616;370;370;0
"Block Group 3; Census Tract 1192.01; Los Angeles County; California!!Margin of Error";±433;±335;±36;±50;±72;±13;±360;±193;±193;±13
"Block Group 1; Census Tract 1192.02; Los Angeles County; California!!Estimate";955;514;0;0;39;0;334;68;68;0
"Block Group 1; Census Tract 1192.02; Los Angeles County; California!!Margin of Error";±571;±392;±13;±13;±59;±13;±336;±75;±75;±13
"Block Group 2; Census Tract 1192.02; Los Angeles County; California!!Estimate";1.557;646;7;0;180;0;604;120;120;0
"Block Group 2; Census Tract 1192.02; Los Angeles County; California!!Margin of Error";±688;±458;±17;±13;±146;±13;±456;±163;±163;±13
"Block Group 3; Census Tract 1192.02; Los Angeles County; California!!Estimate";2.254;353;3;28;180;0;1.239;451;326;125
"Block Group 3; Census Tract 1192.02; Los Angeles County; California!!Margin of Error";±631;±262;±8;±50;±147;±13;±578;±387;±375;±93
"Block Group 1; Census Tract 1193.10; Los Angeles County; California!!Estimate";1.741;346;137;16;312;0;546;384;316;68
"Block Group 1; Census Tract 1193.10; Los Angeles County; California!!Margin of Error";±469;±179;±164;±17;±292;±13;±241;±229;±230;±60
"Block Group 2; Census Tract 1193.10; Los Angeles County; California!!Estimate";2.190;407;59;31;478;0;1.106;109;107;2
"Block Group 2; Census Tract 1193.10; Los Angeles County; California!!Margin of Error";±405;±184;±71;±43;±148;±13;±395;±82;±82;±5
"Block Group 1; Census Tract 1193.20; Los Angeles County; California!!Estimate";1.814;379;105;0;275;0;922;133;133;0
"Block Group 1; Census Tract 1193.20; Los Angeles County; California!!Margin of Error";±472;±123;±167;±13;±128;±13;±388;±162;±162;±13
"Block Group 2; Census Tract 1193.20; Los Angeles County; California!!Estimate";1.705;163;24;37;136;0;1.258;87;87;0
"Block Group 2; Census Tract 1193.20; Los Angeles County; California!!Margin of Error";±448;±124;±38;±59;±101;±13;±417;±116;±116;±13
"Block Group 3; Census Tract 1193.20; Los Angeles County; California!!Estimate";956;151;36;0;220;0;549;0;0;0
"Block Group 3; Census Tract 1193.20; Los Angeles County; California!!Margin of Error";±390;±133;±59;±13;±188;±13;±341;±13;±13;±13
"Block Group 1; Census Tract 1193.40; Los Angeles County; California!!Estimate";1.869;140;24;65;9;0;1.333;298;268;30
"Block Group 1; Census Tract 1193.40; Los Angeles County; California!!Margin of Error";±432;±151;±27;±93;±14;±13;±371;±252;±243;±43
"Block Group 2; Census Tract 1193.40; Los Angeles County; California!!Estimate";2.036;257;56;0;115;0;1.581;27;27;0
"Block Group 2; Census Tract 1193.40; Los Angeles County; California!!Margin of Error";±343;±119;±51;±13;±102;±13;±380;±32;±32;±13
"Block Group 1; Census Tract 1193.41; Los Angeles County; California!!Estimate";2.750;418;95;55;567;8;1.362;245;242;3
"Block Group 1; Census Tract 1193.41; Los Angeles County; California!!Margin of Error";±368;±166;±92;±65;±152;±22;±362;±172;±171;±6
"Block Group 1; Census Tract 1193.42; Los Angeles County; California!!Estimate";1.687;342;7;39;379;0;781;139;100;39
"Block Group 1; Census Tract 1193.42; Los Angeles County; California!!Margin of Error";±351;±204;±9;±46;±209;±13;±294;±109;±104;±37
"Block Group 2; Census Tract 1193.42; Los Angeles County; California!!Estimate";1.163;143;14;17;24;0;817;148;141;7
"Block Group 2; Census Tract 1193.42; Los Angeles County; California!!Margin of Error";±268;±89;±23;±21;±26;±13;±287;±99;±102;±10
"Block Group 1; Census Tract 1194; Los Angeles County; California!!Estimate";1.584;648;0;0;37;0;743;156;143;13
"Block Group 1; Census Tract 1194; Los Angeles County; California!!Margin of Error";±699;±401;±13;±13;±43;±13;±648;±165;±162;±20
"Block Group 2; Census Tract 1194; Los Angeles County; California!!Estimate";1.501;850;0;0;80;0;246;325;325;0
"Block Group 2; Census Tract 1194; Los Angeles County; California!!Margin of Error";±638;±506;±13;±13;±119;±13;±289;±319;±319;±13
"Block Group 3; Census Tract 1194; Los Angeles County; California!!Estimate";1.976;610;53;0;273;0;920;120;109;11
"Block Group 3; Census Tract 1194; Los Angeles County; California!!Margin of Error";±765;±300;±65;±13;±191;±13;±586;±129;±129;±15
"Block Group 1; Census Tract 1197; Los Angeles County; California!!Estimate";1.708;949;18;28;151;0;426;136;51;85
"Block Group 1; Census Tract 1197; Los Angeles County; California!!Margin of Error";±692;±657;±30;±58;±108;±13;±277;±128;±69;±110
"Block Group 2; Census Tract 1197; Los Angeles County; California!!Estimate";1.295;241;0;0;785;0;225;44;13;31
"Block Group 2; Census Tract 1197; Los Angeles County; California!!Margin of Error";±467;±185;±13;±13;±357;±13;±185;±62;±22;±58
"Block Group 3; Census Tract 1197; Los Angeles County; California!!Estimate";1.266;522;0;0;124;0;447;173;132;41
"Block Group 3; Census Tract 1197; Los Angeles County; California!!Margin of Error";±553;±376;±13;±13;±92;±13;±396;±138;±120;±68
"Block Group 1; Census Tract 1198.01; Los Angeles County; California!!Estimate";1.000;104;12;0;125;0;359;400;347;53
"Block Group 1; Census Tract 1198.01; Los Angeles County; California!!Margin of Error";±324;±78;±20;±13;±109;±13;±311;±274;±269;±55
"Block Group 2; Census Tract 1198.01; Los Angeles County; California!!Estimate";1.556;738;1;0;82;0;672;63;63;0
"Block Group 2; Census Tract 1198.01; Los Angeles County; California!!Margin of Error";±350;±305;±2;±13;±82;±13;±422;±77;±77;±13
"Block Group 1; Census Tract 1198.02; Los Angeles County; California!!Estimate";1.720;431;11;45;137;0;737;359;326;33
"Block Group 1; Census Tract 1198.02; Los Angeles County; California!!Margin of Error";±673;±272;±19;±38;±102;±13;±638;±175;±168;±31
"Block Group 2; Census Tract 1198.02; Los Angeles County; California!!Estimate";1.518;435;5;0;379;25;337;337;337;0
"Block Group 2; Census Tract 1198.02; Los Angeles County; California!!Margin of Error";±576;±337;±12;±13;±374;±35;±295;±196;±196;±13
"Block Group 1; Census Tract 1199; Los Angeles County; California!!Estimate";1.148;414;0;0;337;0;296;101;101;0
"Block Group 1; Census Tract 1199; Los Angeles County; California!!Margin of Error";±492;±386;±13;±13;±198;±13;±214;±158;±158;±13
"Block Group 2; Census Tract 1199; Los Angeles County; California!!Estimate";2.185;492;27;12;123;0;1.441;90;77;13
"Block Group 2; Census Tract 1199; Los Angeles County; California!!Margin of Error";±724;±188;±41;±20;±107;±13;±753;±93;±88;±21
"Block Group 3; Census Tract 1199; Los Angeles County; California!!Estimate";1.188;206;5;7;251;0;458;261;230;31
"Block Group 3; Census Tract 1199; Los Angeles County; California!!Margin of Error";±319;±146;±6;±11;±179;±13;±201;±163;±158;±46
"Block Group 1; Census Tract 1200.10; Los Angeles County; California!!Estimate";1.662;164;35;0;240;0;1.162;61;61;0
"Block Group 1; Census Tract 1200.10; Los Angeles County; California!!Margin of Error";±402;±114;±40;±13;±140;±13;±396;±76;±76;±13
"Block Group 2; Census Tract 1200.10; Los Angeles County; California!!Estimate";1.038;122;17;0;136;0;615;148;131;17
"Block Group 2; Census Tract 1200.10; Los Angeles County; California!!Margin of Error";±303;±55;±18;±13;±86;±13;±282;±100;±98;±21
"Block Group 1; Census Tract 1200.20; Los Angeles County; California!!Estimate";2.595;524;196;0;190;0;1.541;144;137;7
"Block Group 1; Census Tract 1200.20; Los Angeles County; California!!Margin of Error";±509;±342;±195;±13;±170;±13;±474;±129;±128;±17
"Block Group 2; Census Tract 1200.20; Los Angeles County; California!!Estimate";1.764;97;107;11;554;31;925;39;13;26
"Block Group 2; Census Tract 1200.20; Los Angeles County; California!!Margin of Error";±580;±145;±167;±19;±256;±47;±521;±48;±22;±42
"Block Group 1; Census Tract 1200.30; Los Angeles County; California!!Estimate";2.614;331;11;13;130;0;2.118;11;9;2
"Block Group 1; Census Tract 1200.30; Los Angeles County; California!!Margin of Error";±327;±205;±18;±20;±105;±13;±351;±14;±12;±5
"Block Group 1; Census Tract 1201.03; Los Angeles County; California!!Estimate";839;13;4;0;117;0;705;0;0;0
"Block Group 1; Census Tract 1201.03; Los Angeles County; California!!Margin of Error";±262;±13;±8;±13;±99;±13;±287;±13;±13;±13
"Block Group 2; Census Tract 1201.03; Los Angeles County; California!!Estimate";2.191;264;63;72;0;0;1.580;212;146;66
"Block Group 2; Census Tract 1201.03; Los Angeles County; California!!Margin of Error";±371;±140;±74;±105;±13;±13;±349;±133;±135;±94
"Block Group 1; Census Tract 1201.04; Los Angeles County; California!!Estimate";2.375;315;184;22;354;0;1.315;185;98;87
"Block Group 1; Census Tract 1201.04; Los Angeles County; California!!Margin of Error";±386;±104;±106;±33;±136;±13;±392;±134;±90;±74
"Block Group 1; Census Tract 1201.05; Los Angeles County; California!!Estimate";1.717;291;34;11;29;0;1.011;341;341;0
"Block Group 1; Census Tract 1201.05; Los Angeles County; California!!Margin of Error";±336;±159;±40;±15;±36;±13;±250;±260;±260;±13
"Block Group 2; Census Tract 1201.05; Los Angeles County; California!!Estimate";974;223;0;25;346;0;355;25;25;0
"Block Group 2; Census Tract 1201.05; Los Angeles County; California!!Margin of Error";±223;±147;±13;±35;±110;±13;±206;±21;±21;±13
"Block Group 1; Census Tract 1201.06; Los Angeles County; California!!Estimate";1.054;145;31;0;293;0;536;49;49;0
"Block Group 1; Census Tract 1201.06; Los Angeles County; California!!Margin of Error";±402;±198;±46;±13;±248;±13;±256;±62;±62;±13
"Block Group 2; Census Tract 1201.06; Los Angeles County; California!!Estimate";1.387;89;3;0;377;2;747;169;169;0
"Block Group 2; Census Tract 1201.06; Los Angeles County; California!!Margin of Error";±441;±80;±5;±13;±185;±5;±296;±241;±241;±13
"Block Group 3; Census Tract 1201.06; Los Angeles County; California!!Estimate";2.002;62;6;0;284;0;1.556;94;70;24
"Block Group 3; Census Tract 1201.06; Los Angeles County; California!!Margin of Error";±650;±19;±9;±13;±191;±13;±604;±124;±116;±34
"Block Group 1; Census Tract 1201.07; Los Angeles County; California!!Estimate";1.856;154;62;0;21;13;1.606;0;0;0
"Block Group 1; Census Tract 1201.07; Los Angeles County; California!!Margin of Error";±407;±93;±66;±13;±33;±22;±402;±13;±13;±13
"Block Group 2; Census Tract 1201.07; Los Angeles County; California!!Estimate";2.188;276;149;0;300;4;1.039;420;390;30
"Block Group 2; Census Tract 1201.07; Los Angeles County; California!!Margin of Error";±687;±140;±157;±13;±146;±8;±368;±594;±592;±30
"Block Group 1; Census Tract 1201.08; Los Angeles County; California!!Estimate";2.121;517;30;57;80;0;1.391;46;38;8
"Block Group 1; Census Tract 1201.08; Los Angeles County; California!!Margin of Error";±441;±165;±44;±89;±74;±13;±388;±50;±48;±12
"Block Group 2; Census Tract 1201.08; Los Angeles County; California!!Estimate";2.390;432;0;0;336;0;1.326;296;291;5
"Block Group 2; Census Tract 1201.08; Los Angeles County; California!!Margin of Error";±502;±226;±13;±13;±249;±13;±441;±299;±299;±9
"Block Group 1; Census Tract 1203; Los Angeles County; California!!Estimate";794;399;0;0;174;0;137;84;66;18
"Block Group 1; Census Tract 1203; Los Angeles County; California!!Margin of Error";±272;±264;±13;±13;±136;±13;±146;±92;±87;±30
"Block Group 2; Census Tract 1203; Los Angeles County; California!!Estimate";1.794;344;0;0;311;0;1.043;96;96;0
"Block Group 2; Census Tract 1203; Los Angeles County; California!!Margin of Error";±670;±385;±13;±13;±251;±13;±524;±147;±147;±13
"Block Group 3; Census Tract 1203; Los Angeles County; California!!Estimate";885;427;0;0;151;0;235;72;72;0
"Block Group 3; Census Tract 1203; Los Angeles County; California!!Margin of Error";±294;±232;±13;±13;±113;±13;±212;±79;±79;±13
"Block Group 4; Census Tract 1203; Los Angeles County; California!!Estimate";1.826;234;255;0;698;0;502;137;0;137
"Block Group 4; Census Tract 1203; Los Angeles County; California!!Margin of Error";±648;±170;±407;±13;±361;±13;±293;±136;±13;±136
"Block Group 1; Census Tract 1204; Los Angeles County; California!!Estimate";2.979;1.230;335;55;633;0;542;184;82;102
"Block Group 1; Census Tract 1204; Los Angeles County; California!!Margin of Error";±657;±465;±222;±89;±288;±13;±436;±167;±96;±136
"Block Group 2; Census Tract 1204; Los Angeles County; California!!Estimate";1.796;651;29;0;174;0;834;108;108;0
"Block Group 2; Census Tract 1204; Los Angeles County; California!!Margin of Error";±738;±508;±44;±13;±194;±13;±472;±119;±119;±13
"Block Group 3; Census Tract 1204; Los Angeles County; California!!Estimate";1.395;255;0;0;189;0;765;186;186;0
"Block Group 3; Census Tract 1204; Los Angeles County; California!!Margin of Error";±550;±203;±13;±13;±200;±13;±457;±210;±210;±13
"Block Group 1; Census Tract 1210.10; Los Angeles County; California!!Estimate";988;918;0;48;22;0;0;0;0;0
"Block Group 1; Census Tract 1210.10; Los Angeles County; California!!Margin of Error";±459;±479;±13;±72;±34;±13;±13;±13;±13;±13
"Block Group 2; Census Tract 1210.10; Los Angeles County; California!!Estimate";1.465;729;1;0;200;0;292;243;201;42
"Block Group 2; Census Tract 1210.10; Los Angeles County; California!!Margin of Error";±665;±442;±4;±13;±155;±13;±314;±302;±286;±64
"Block Group 3; Census Tract 1210.10; Los Angeles County; California!!Estimate";641;328;0;0;92;0;210;11;11;0
"Block Group 3; Census Tract 1210.10; Los Angeles County; California!!Margin of Error";±240;±227;±13;±13;±82;±13;±155;±17;±17;±13
"Block Group 4; Census Tract 1210.10; Los Angeles County; California!!Estimate";2.183;374;0;0;56;0;1.229;524;524;0
"Block Group 4; Census Tract 1210.10; Los Angeles County; California!!Margin of Error";±695;±326;±13;±13;±89;±13;±708;±416;±416;±13
"Block Group 1; Census Tract 1210.20; Los Angeles County; California!!Estimate";2.152;1.073;71;0;185;0;494;329;286;43
"Block Group 1; Census Tract 1210.20; Los Angeles County; California!!Margin of Error";±458;±329;±61;±13;±123;±13;±257;±336;±343;±52
"Block Group 2; Census Tract 1210.20; Los Angeles County; California!!Estimate";1.509;499;23;47;33;0;465;442;350;92
"Block Group 2; Census Tract 1210.20; Los Angeles County; California!!Margin of Error";±459;±210;±26;±72;±33;±13;±224;±405;±368;±75
"Block Group 1; Census Tract 1211.01; Los Angeles County; California!!Estimate";1.446;433;0;0;103;0;310;600;587;13
"Block Group 1; Census Tract 1211.01; Los Angeles County; California!!Margin of Error";±427;±182;±13;±13;±86;±13;±170;±401;±401;±14
"Block Group 2; Census Tract 1211.01; Los Angeles County; California!!Estimate";1.745;795;55;28;116;0;422;329;301;28
"Block Group 2; Census Tract 1211.01; Los Angeles County; California!!Margin of Error";±409;±263;±39;±29;±79;±13;±300;±237;±237;±34
"Block Group 1; Census Tract 1211.02; Los Angeles County; California!!Estimate";681;407;38;3;20;0;116;97;97;0
"Block Group 1; Census Tract 1211.02; Los Angeles County; California!!Margin of Error";±207;±184;±48;±7;±19;±13;±86;±74;±74;±13
"Block Group 2; Census Tract 1211.02; Los Angeles County; California!!Estimate";686;549;0;0;16;0;72;49;33;16
"Block Group 2; Census Tract 1211.02; Los Angeles County; California!!Margin of Error";±192;±186;±13;±13;±23;±13;±57;±41;±33;±26
"Block Group 3; Census Tract 1211.02; Los Angeles County; California!!Estimate";904;307;18;0;64;0;371;144;144;0
"Block Group 3; Census Tract 1211.02; Los Angeles County; California!!Margin of Error";±277;±150;±24;±13;±86;±13;±261;±126;±126;±13
"Block Group 1; Census Tract 1212.10; Los Angeles County; California!!Estimate";2.113;578;71;29;245;0;719;471;430;41
"Block Group 1; Census Tract 1212.10; Los Angeles County; California!!Margin of Error";±596;±223;±63;±77;±125;±13;±460;±288;±284;±43
"Block Group 2; Census Tract 1212.10; Los Angeles County; California!!Estimate";809;364;12;18;59;12;236;108;32;76
"Block Group 2; Census Tract 1212.10; Los Angeles County; California!!Margin of Error";±265;±251;±22;±23;±57;±19;±172;±81;±38;±82
"Block Group 1; Census Tract 1212.21; Los Angeles County; California!!Estimate";539;198;20;0;30;0;136;155;155;0
"Block Group 1; Census Tract 1212.21; Los Angeles County; California!!Margin of Error";±207;±116;±23;±13;±31;±13;±91;±125;±125;±13
"Block Group 2; Census Tract 1212.21; Los Angeles County; California!!Estimate";1.698;785;24;15;131;0;318;425;368;57
"Block Group 2; Census Tract 1212.21; Los Angeles County; California!!Margin of Error";±334;±343;±23;±24;±83;±13;±198;±202;±167;±68
"Block Group 1; Census Tract 1212.22; Los Angeles County; California!!Estimate";1.680;419;127;0;0;0;627;507;507;0
"Block Group 1; Census Tract 1212.22; Los Angeles County; California!!Margin of Error";±665;±336;±130;±13;±13;±13;±516;±430;±430;±13
"Block Group 2; Census Tract 1212.22; Los Angeles County; California!!Estimate";882;371;0;0;18;0;448;45;45;0
"Block Group 2; Census Tract 1212.22; Los Angeles County; California!!Margin of Error";±346;±217;±13;±13;±28;±13;±291;±48;±48;±13
"Block Group 3; Census Tract 1212.22; Los Angeles County; California!!Estimate";2.310;825;79;244;66;0;757;339;271;68
"Block Group 3; Census Tract 1212.22; Los Angeles County; California!!Margin of Error";±479;±463;±84;±249;±54;±13;±500;±269;±262;±80
"Block Group 1; Census Tract 1216; Los Angeles County; California!!Estimate";1.850;1.085;2;0;532;0;134;97;27;70
"Block Group 1; Census Tract 1216; Los Angeles County; California!!Margin of Error";±313;±301;±4;±13;±222;±13;±183;±75;±31;±63
"Block Group 2; Census Tract 1216; Los Angeles County; California!!Estimate";785;300;5;102;287;0;91;0;0;0
"Block Group 2; Census Tract 1216; Los Angeles County; California!!Margin of Error";±281;±184;±8;±160;±183;±13;±75;±13;±13;±13
"Block Group 1; Census Tract 1218.01; Los Angeles County; California!!Estimate";2.391;659;10;7;192;0;981;542;519;23
"Block Group 1; Census Tract 1218.01; Los Angeles County; California!!Margin of Error";±685;±240;±21;±13;±138;±13;±403;±462;±463;±30
"Block Group 2; Census Tract 1218.01; Los Angeles County; California!!Estimate";1.525;309;0;24;7;0;872;313;299;14
"Block Group 2; Census Tract 1218.01; Los Angeles County; California!!Margin of Error";±407;±171;±13;±42;±16;±13;±273;±259;±257;±21
"Block Group 1; Census Tract 1218.02; Los Angeles County; California!!Estimate";1.105;264;6;0;101;0;513;221;221;0
"Block Group 1; Census Tract 1218.02; Los Angeles County; California!!Margin of Error";±278;±137;±9;±13;±107;±13;±237;±179;±179;±13
"Block Group 2; Census Tract 1218.02; Los Angeles County; California!!Estimate";1.921;594;197;70;159;0;516;385;364;21
"Block Group 2; Census Tract 1218.02; Los Angeles County; California!!Margin of Error";±459;±185;±156;±97;±119;±13;±249;±346;±344;±20
"Block Group 1; Census Tract 1219; Los Angeles County; California!!Estimate";1.141;331;0;0;0;0;330;480;480;0
"Block Group 1; Census Tract 1219; Los Angeles County; California!!Margin of Error";±281;±196;±13;±13;±13;±13;±138;±320;±320;±13
"Block Group 2; Census Tract 1219; Los Angeles County; California!!Estimate";2.173;1.024;75;29;138;0;368;539;496;43
"Block Group 2; Census Tract 1219; Los Angeles County; California!!Margin of Error";±543;±399;±93;±45;±128;±13;±182;±450;±445;±66
"Block Group 1; Census Tract 1220; Los Angeles County; California!!Estimate";1.731;1.355;0;0;73;0;250;53;42;11
"Block Group 1; Census Tract 1220; Los Angeles County; California!!Margin of Error";±488;±409;±13;±13;±84;±13;±206;±56;±52;±17
"Block Group 2; Census Tract 1220; Los Angeles County; California!!Estimate";2.465;1.498;0;0;213;0;453;301;301;0
"Block Group 2; Census Tract 1220; Los Angeles County; California!!Margin of Error";±685;±606;±13;±13;±152;±13;±437;±257;±257;±13
"Block Group 3; Census Tract 1220; Los Angeles County; California!!Estimate";838;269;10;0;84;0;189;286;89;197
"Block Group 3; Census Tract 1220; Los Angeles County; California!!Margin of Error";±399;±193;±15;±13;±124;±13;±186;±316;±85;±306
"Block Group 1; Census Tract 1221.20; Los Angeles County; California!!Estimate";1.909;504;6;172;87;0;603;537;435;102
"Block Group 1; Census Tract 1221.20; Los Angeles County; California!!Margin of Error";±483;±238;±12;±260;±79;±13;±284;±309;±284;±120
"Block Group 2; Census Tract 1221.20; Los Angeles County; California!!Estimate";2.783;900;138;3;0;0;1.113;629;576;53
"Block Group 2; Census Tract 1221.20; Los Angeles County; California!!Margin of Error";±506;±439;±150;±13;±13;±13;±430;±337;±336;±47
"Block Group 1; Census Tract 1221.21; Los Angeles County; California!!Estimate";1.786;690;157;13;20;0;383;523;511;12
"Block Group 1; Census Tract 1221.21; Los Angeles County; California!!Margin of Error";±438;±265;±118;±16;±26;±13;±187;±405;±402;±20
"Block Group 2; Census Tract 1221.21; Los Angeles County; California!!Estimate";1.067;329;0;0;11;0;446;281;145;136
"Block Group 2; Census Tract 1221.21; Los Angeles County; California!!Margin of Error";±316;±145;±13;±13;±48;±13;±247;±188;±99;±166
"Block Group 1; Census Tract 1221.22; Los Angeles County; California!!Estimate";1.060;315;75;0;40;0;275;355;350;5
"Block Group 1; Census Tract 1221.22; Los Angeles County; California!!Margin of Error";±521;±189;±101;±13;±44;±13;±119;±503;±503;±7
"Block Group 2; Census Tract 1221.22; Los Angeles County; California!!Estimate";1.447;381;52;0;22;0;343;649;583;66
"Block Group 2; Census Tract 1221.22; Los Angeles County; California!!Margin of Error";±392;±180;±54;±13;±37;±13;±181;±313;±304;±49
"Block Group 1; Census Tract 1222; Los Angeles County; California!!Estimate";2.073;761;12;0;82;0;820;398;343;55
"Block Group 1; Census Tract 1222; Los Angeles County; California!!Margin of Error";±425;±292;±14;±13;±85;±13;±351;±300;±296;±46
"Block Group 2; Census Tract 1222; Los Angeles County; California!!Estimate";1.811;733;1;0;25;11;486;555;555;0
"Block Group 2; Census Tract 1222; Los Angeles County; California!!Margin of Error";±386;±263;±4;±13;±40;±15;±243;±252;±252;±13
"Block Group 1; Census Tract 1224.10; Los Angeles County; California!!Estimate";2.898;730;79;109;154;0;707;1.119;995;124
"Block Group 1; Census Tract 1224.10; Los Angeles County; California!!Margin of Error";±601;±267;±59;±148;±111;±13;±287;±544;±541;±89
"Block Group 2; Census Tract 1224.10; Los Angeles County; California!!Estimate";1.051;410;29;29;97;0;389;97;97;0
"Block Group 2; Census Tract 1224.10; Los Angeles County; California!!Margin of Error";±382;±391;±31;±43;±77;±13;±219;±105;±105;±13
"Block Group 1; Census Tract 1224.20; Los Angeles County; California!!Estimate";1.216;319;13;0;80;0;298;506;469;37
"Block Group 1; Census Tract 1224.20; Los Angeles County; California!!Margin of Error";±492;±149;±21;±13;±58;±13;±236;±397;±392;±58
"Block Group 2; Census Tract 1224.20; Los Angeles County; California!!Estimate";1.721;660;22;0;0;0;798;241;232;9
"Block Group 2; Census Tract 1224.20; Los Angeles County; California!!Margin of Error";±767;±472;±31;±13;±13;±13;±568;±240;±239;±9
"Block Group 3; Census Tract 1224.20; Los Angeles County; California!!Estimate";2.176;333;0;77;292;0;1.098;376;376;0
"Block Group 3; Census Tract 1224.20; Los Angeles County; California!!Margin of Error";±436;±333;±13;±89;±186;±13;±344;±284;±284;±13
"Block Group 1; Census Tract 1230.10; Los Angeles County; California!!Estimate";2.324;752;58;0;39;20;622;833;809;24
"Block Group 1; Census Tract 1230.10; Los Angeles County; California!!Margin of Error";±605;±326;±61;±13;±70;±31;±256;±452;±448;±35
"Block Group 2; Census Tract 1230.10; Los Angeles County; California!!Estimate";1.624;585;0;8;17;109;579;326;312;14
"Block Group 2; Census Tract 1230.10; Los Angeles County; California!!Margin of Error";±393;±236;±13;±14;±25;±144;±256;±271;±271;±20
"Block Group 1; Census Tract 1230.20; Los Angeles County; California!!Estimate";1.408;588;13;0;18;0;511;278;171;107
"Block Group 1; Census Tract 1230.20; Los Angeles County; California!!Margin of Error";±340;±340;±20;±13;±23;±13;±217;±161;±139;±108
"Block Group 2; Census Tract 1230.20; Los Angeles County; California!!Estimate";1.226;606;29;0;23;0;256;312;312;0
"Block Group 2; Census Tract 1230.20; Los Angeles County; California!!Margin of Error";±352;±204;±37;±13;±29;±13;±125;±256;±256;±13
"Block Group 1; Census Tract 1231.03; Los Angeles County; California!!Estimate";1.333;757;122;0;78;0;290;86;42;44
"Block Group 1; Census Tract 1231.03; Los Angeles County; California!!Margin of Error";±395;±227;±114;±13;±68;±13;±236;±74;±51;±50
"Block Group 2; Census Tract 1231.03; Los Angeles County; California!!Estimate";2.584;1.160;142;194;156;0;527;405;301;104
"Block Group 2; Census Tract 1231.03; Los Angeles County; California!!Margin of Error";±542;±362;±109;±255;±115;±13;±270;±226;±187;±100
"Block Group 1; Census Tract 1231.04; Los Angeles County; California!!Estimate";1.148;613;94;0;112;0;241;88;50;38
"Block Group 1; Census Tract 1231.04; Los Angeles County; California!!Margin of Error";±393;±283;±85;±13;±70;±13;±256;±79;±59;±48
"Block Group 2; Census Tract 1231.04; Los Angeles County; California!!Estimate";1.498;1.142;54;0;0;0;234;68;42;26
"Block Group 2; Census Tract 1231.04; Los Angeles County; California!!Margin of Error";±490;±416;±61;±13;±13;±13;±170;±75;±65;±42
"Block Group 3; Census Tract 1231.04; Los Angeles County; California!!Estimate";1.747;690;50;10;58;0;647;292;143;149
"Block Group 3; Census Tract 1231.04; Los Angeles County; California!!Margin of Error";±433;±290;±49;±16;±52;±13;±407;±264;±140;±174
"Block Group 1; Census Tract 1232.03; Los Angeles County; California!!Estimate";953;363;31;0;0;0;329;230;230;0
"Block Group 1; Census Tract 1232.03; Los Angeles County; California!!Margin of Error";±360;±289;±41;±13;±13;±13;±212;±284;±284;±13
"Block Group 2; Census Tract 1232.03; Los Angeles County; California!!Estimate";1.033;647;0;0;0;0;157;229;229;0
"Block Group 2; Census Tract 1232.03; Los Angeles County; California!!Margin of Error";±497;±451;±13;±13;±13;±13;±178;±247;±247;±13
"Block Group 3; Census Tract 1232.03; Los Angeles County; California!!Estimate";996;542;74;42;20;0;283;35;0;35
"Block Group 3; Census Tract 1232.03; Los Angeles County; California!!Margin of Error";±329;±275;±105;±48;±32;±13;±246;±43;±13;±43
"Block Group 1; Census Tract 1232.04; Los Angeles County; California!!Estimate";1.461;291;40;0;42;0;769;319;314;5
"Block Group 1; Census Tract 1232.04; Los Angeles County; California!!Margin of Error";±605;±157;±50;±13;±65;±13;±562;±232;±231;±9
"Block Group 2; Census Tract 1232.04; Los Angeles County; California!!Estimate";1.938;1.135;97;9;83;0;477;137;122;15
"Block Group 2; Census Tract 1232.04; Los Angeles County; California!!Margin of Error";±487;±483;±61;±15;±76;±13;±195;±127;±125;±24
"Block Group 1; Census Tract 1232.05; Los Angeles County; California!!Estimate";1.980;968;68;66;26;0;327;525;468;57
"Block Group 1; Census Tract 1232.05; Los Angeles County; California!!Margin of Error";±728;±531;±63;±82;±20;±13;±135;±396;±399;±50
"Block Group 2; Census Tract 1232.05; Los Angeles County; California!!Estimate";979;542;30;0;8;0;269;130;111;19
"Block Group 2; Census Tract 1232.05; Los Angeles County; California!!Margin of Error";±240;±172;±25;±13;±16;±13;±180;±78;±74;±22
"Block Group 1; Census Tract 1232.06; Los Angeles County; California!!Estimate";2.371;925;28;45;42;0;891;440;369;71
"Block Group 1; Census Tract 1232.06; Los Angeles County; California!!Margin of Error";±264;±254;±27;±45;±52;±13;±256;±190;±181;±54
"Block Group 1; Census Tract 1233.01; Los Angeles County; California!!Estimate";2.301;1.161;33;9;743;0;206;149;86;63
"Block Group 1; Census Tract 1233.01; Los Angeles County; California!!Margin of Error";±436;±387;±52;±13;±226;±13;±151;±110;±83;±50
"Block Group 2; Census Tract 1233.01; Los Angeles County; California!!Estimate";1.767;704;153;0;155;0;418;337;217;120
"Block Group 2; Census Tract 1233.01; Los Angeles County; California!!Margin of Error";±392;±260;±104;±13;±98;±13;±224;±234;±165;±145
"Block Group 1; Census Tract 1233.03; Los Angeles County; California!!Estimate";1.039;502;33;0;18;21;300;165;88;77
"Block Group 1; Census Tract 1233.03; Los Angeles County; California!!Margin of Error";±286;±213;±31;±13;±26;±32;±178;±104;±86;±63
"Block Group 2; Census Tract 1233.03; Los Angeles County; California!!Estimate";1.990;1.046;59;19;122;0;600;144;103;41
"Block Group 2; Census Tract 1233.03; Los Angeles County; California!!Margin of Error";±267;±234;±65;±28;±76;±13;±202;±91;±79;±45
"Block Group 1; Census Tract 1233.04; Los Angeles County; California!!Estimate";2.478;1.367;19;151;180;0;523;238;174;64
"Block Group 1; Census Tract 1233.04; Los Angeles County; California!!Margin of Error";±715;±467;±30;±259;±268;±13;±353;±177;±154;±66
"Block Group 2; Census Tract 1233.04; Los Angeles County; California!!Estimate";967;413;0;8;0;0;486;60;46;14
"Block Group 2; Census Tract 1233.04; Los Angeles County; California!!Margin of Error";±365;±252;±13;±12;±13;±13;±290;±50;±47;±37
"Block Group 3; Census Tract 1233.04; Los Angeles County; California!!Estimate";1.054;818;23;0;17;0;121;75;45;30
"Block Group 3; Census Tract 1233.04; Los Angeles County; California!!Margin of Error";±311;±268;±22;±13;±20;±13;±131;±54;±49;±22
"Block Group 1; Census Tract 1234.10; Los Angeles County; California!!Estimate";2.362;1.270;38;0;224;0;687;143;78;65
"Block Group 1; Census Tract 1234.10; Los Angeles County; California!!Margin of Error";±572;±509;±29;±13;±130;±13;±342;±84;±67;±59
"Block Group 2; Census Tract 1234.10; Los Angeles County; California!!Estimate";1.141;595;0;0;97;0;358;91;55;36
"Block Group 2; Census Tract 1234.10; Los Angeles County; California!!Margin of Error";±403;±262;±13;±13;±90;±13;±287;±92;±83;±48
"Block Group 1; Census Tract 1234.20; Los Angeles County; California!!Estimate";2.624;1.474;56;18;191;0;739;146;127;19
"Block Group 1; Census Tract 1234.20; Los Angeles County; California!!Margin of Error";±741;±678;±50;±28;±126;±13;±366;±117;±114;±29
"Block Group 2; Census Tract 1234.20; Los Angeles County; California!!Estimate";645;387;56;0;53;0;71;78;78;0
"Block Group 2; Census Tract 1234.20; Los Angeles County; California!!Margin of Error";±242;±189;±84;±13;±66;±13;±62;±119;±119;±13
"Block Group 3; Census Tract 1234.20; Los Angeles County; California!!Estimate";1.132;764;56;0;0;0;281;31;31;0
"Block Group 3; Census Tract 1234.20; Los Angeles County; California!!Margin of Error";±376;±381;±94;±13;±13;±13;±284;±40;±40;±13
"Block Group 1; Census Tract 1235.10; Los Angeles County; California!!Estimate";2.395;1.319;43;0;415;0;455;163;139;24
"Block Group 1; Census Tract 1235.10; Los Angeles County; California!!Margin of Error";±532;±455;±38;±13;±298;±13;±191;±99;±91;±25
"Block Group 2; Census Tract 1235.10; Los Angeles County; California!!Estimate";2.516;1.475;59;22;142;0;714;104;85;19
"Block Group 2; Census Tract 1235.10; Los Angeles County; California!!Margin of Error";±608;±561;±96;±34;±149;±13;±324;±112;±108;±31
"Block Group 1; Census Tract 1235.20; Los Angeles County; California!!Estimate";2.619;1.409;32;63;137;0;523;455;333;122
"Block Group 1; Census Tract 1235.20; Los Angeles County; California!!Margin of Error";±352;±246;±31;±100;±75;±13;±198;±305;±278;±90
"Block Group 1; Census Tract 1236.01; Los Angeles County; California!!Estimate";874;694;13;0;67;0;12;88;0;88
"Block Group 1; Census Tract 1236.01; Los Angeles County; California!!Margin of Error";±296;±285;±21;±13;±57;±13;±36;±94;±13;±94
"Block Group 2; Census Tract 1236.01; Los Angeles County; California!!Estimate";2.225;1.546;103;0;92;0;246;238;144;94
"Block Group 2; Census Tract 1236.01; Los Angeles County; California!!Margin of Error";±478;±408;±95;±13;±150;±13;±157;±164;±150;±69
"Block Group 3; Census Tract 1236.01; Los Angeles County; California!!Estimate";2.046;1.149;70;0;71;0;315;441;391;50
"Block Group 3; Census Tract 1236.01; Los Angeles County; California!!Margin of Error";±617;±466;±69;±13;±73;±13;±297;±308;±304;±45
"Block Group 1; Census Tract 1236.02; Los Angeles County; California!!Estimate";1.839;1.154;135;0;108;0;339;103;65;38
"Block Group 1; Census Tract 1236.02; Los Angeles County; California!!Margin of Error";±487;±468;±125;±13;±134;±13;±314;±64;±55;±35
"Block Group 2; Census Tract 1236.02; Los Angeles County; California!!Estimate";759;460;111;0;21;0;51;116;7;109
"Block Group 2; Census Tract 1236.02; Los Angeles County; California!!Margin of Error";±278;±156;±165;±13;±19;±13;±59;±136;±12;±136
"Block Group 3; Census Tract 1236.02; Los Angeles County; California!!Estimate";592;404;56;0;0;0;75;57;21;36
"Block Group 3; Census Tract 1236.02; Los Angeles County; California!!Margin of Error";±172;±139;±44;±13;±13;±13;±96;±41;±17;±39
"Block Group 1; Census Tract 1237; Los Angeles County; California!!Estimate";1.041;699;0;0;7;0;104;231;224;7
"Block Group 1; Census Tract 1237; Los Angeles County; California!!Margin of Error";±447;±420;±13;±13;±10;±13;±135;±330;±330;±10
"Block Group 2; Census Tract 1237; Los Angeles County; California!!Estimate";756;494;0;0;15;0;168;79;44;35
"Block Group 2; Census Tract 1237; Los Angeles County; California!!Margin of Error";±332;±249;±13;±13;±18;±13;±178;±67;±52;±41
"Block Group 3; Census Tract 1237; Los Angeles County; California!!Estimate";1.028;698;268;0;21;0;8;33;12;21
"Block Group 3; Census Tract 1237; Los Angeles County; California!!Margin of Error";±264;±323;±182;±13;±25;±13;±12;±30;±19;±22
"Block Group 4; Census Tract 1237; Los Angeles County; California!!Estimate";1.389;568;228;24;17;0;89;463;296;167
"Block Group 4; Census Tract 1237; Los Angeles County; California!!Margin of Error";±499;±316;±308;±36;±26;±13;±72;±382;±250;±203
"Block Group 1; Census Tract 1238; Los Angeles County; California!!Estimate";1.463;1.068;13;32;0;0;44;306;269;37
"Block Group 1; Census Tract 1238; Los Angeles County; California!!Margin of Error";±453;±319;±11;±41;±13;±13;±46;±276;±267;±54
"Block Group 2; Census Tract 1238; Los Angeles County; California!!Estimate";2.463;1.633;0;0;138;0;395;297;78;219
"Block Group 2; Census Tract 1238; Los Angeles County; California!!Margin of Error";±822;±476;±13;±13;±163;±13;±346;±301;±75;±284
"Block Group 3; Census Tract 1238; Los Angeles County; California!!Estimate";1.770;1.163;114;0;102;0;256;135;0;135
"Block Group 3; Census Tract 1238; Los Angeles County; California!!Margin of Error";±396;±377;±109;±13;±111;±13;±159;±143;±13;±143
"Block Group 1; Census Tract 1239.01; Los Angeles County; California!!Estimate";2.637;990;105;0;181;0;958;403;356;47
"Block Group 1; Census Tract 1239.01; Los Angeles County; California!!Margin of Error";±500;±362;±107;±13;±129;±13;±500;±282;±278;±58
"Block Group 2; Census Tract 1239.01; Los Angeles County; California!!Estimate";1.349;651;33;22;102;0;128;413;394;19
"Block Group 2; Census Tract 1239.01; Los Angeles County; California!!Margin of Error";±515;±240;±40;±25;±98;±13;±174;±398;±399;±29
"Block Group 1; Census Tract 1239.02; Los Angeles County; California!!Estimate";1.303;757;106;67;61;0;70;242;231;11
"Block Group 1; Census Tract 1239.02; Los Angeles County; California!!Margin of Error";±365;±200;±123;±58;±37;±13;±79;±243;±241;±18
"Block Group 2; Census Tract 1239.02; Los Angeles County; California!!Estimate";1.365;603;71;0;253;0;296;142;107;35
"Block Group 2; Census Tract 1239.02; Los Angeles County; California!!Margin of Error";±256;±201;±57;±13;±144;±13;±209;±122;±113;±38
"Block Group 1; Census Tract 1240; Los Angeles County; California!!Estimate";944;676;11;0;79;0;77;101;58;43
"Block Group 1; Census Tract 1240; Los Angeles County; California!!Margin of Error";±386;±423;±37;±13;±85;±13;±103;±80;±39;±68
"Block Group 2; Census Tract 1240; Los Angeles County; California!!Estimate";1.405;1.069;17;0;101;0;0;218;41;177
"Block Group 2; Census Tract 1240; Los Angeles County; California!!Margin of Error";±504;±395;±27;±13;±86;±13;±13;±223;±67;±206
"Block Group 3; Census Tract 1240; Los Angeles County; California!!Estimate";1.219;952;90;23;45;0;19;90;0;90
"Block Group 3; Census Tract 1240; Los Angeles County; California!!Margin of Error";±380;±341;±146;±41;±52;±13;±29;±94;±13;±94
"Block Group 4; Census Tract 1240; Los Angeles County; California!!Estimate";864;656;68;0;68;0;0;72;19;53
"Block Group 4; Census Tract 1240; Los Angeles County; California!!Margin of Error";±273;±224;±103;±13;±82;±13;±13;±78;±30;±73
"Block Group 1; Census Tract 1241.02; Los Angeles County; California!!Estimate";2.004;547;118;0;640;0;454;245;221;24
"Block Group 1; Census Tract 1241.02; Los Angeles County; California!!Margin of Error";±780;±201;±105;±13;±700;±13;±287;±154;±146;±34
"Block Group 2; Census Tract 1241.02; Los Angeles County; California!!Estimate";990;539;150;0;72;0;80;149;66;83
"Block Group 2; Census Tract 1241.02; Los Angeles County; California!!Margin of Error";±266;±192;±103;±13;±72;±13;±74;±124;±67;±108
"Block Group 3; Census Tract 1241.02; Los Angeles County; California!!Estimate";656;371;29;0;50;0;151;55;15;40