geoid,name,B01003001,"B01003001, Error"
15000US060371011101,"BG 1, Tract 1011.10, Los Angeles, CA",1500,449
15000US060371011102,"BG 2, Tract 1011.10, Los Angeles, CA",1825,418
15000US060371011103,"BG 3, Tract 1011.10, Los Angeles, CA",827,376
15000US060371011221,"BG 1, Tract 1011.22, Los Angeles, CA",2481,851
15000US060371011222,"BG 2, Tract 1011.22, Los Angeles, CA",1717,362
15000US060371012201,"BG 1, Tract 1012.20, Los Angeles, CA",1304,315
15000US060371012202,"BG 2, Tract 1012.20, Los Angeles, CA",2130,411
15000US060371012211,"BG 1, Tract 1012.21, Los Angeles, CA",1000,338
15000US060371012212,"BG 2, Tract 1012.21, Los Angeles, CA",2931,663
15000US060371012221,"BG 1, Tract 1012.22, Los Angeles, CA",2572,397
15000US060371013001,"BG 1, Tract 1013, Los Angeles, CA",1112,386
15000US060371013002,"BG 2, Tract 1013, Los Angeles, CA",1065,347
15000US060371013003,"BG 3, Tract 1013, Los Angeles, CA",1073,339
15000US060371013004,"BG 4, Tract 1013, Los Angeles, CA",960,337
15000US060371014001,"BG 1, Tract 1014, Los Angeles, CA",782,382
15000US060371014002,"BG 2, Tract 1014, Los Angeles, CA",1414,431
15000US060371014003,"BG 3, Tract 1014, Los Angeles, CA",1293,346
15000US060371021031,"BG 1, Tract 1021.03, Los Angeles, CA",2054,525
15000US060371021041,"BG 1, Tract 1021.04, Los Angeles, CA",2755,515
15000US060371021042,"BG 2, Tract 1021.04, Los Angeles, CA",1297,497
15000US060371021051,"BG 1, Tract 1021.05, Los Angeles, CA",475,158
15000US060371021052,"BG 2, Tract 1021.05, Los Angeles, CA",1189,355
15000US060371021071,"BG 1, Tract 1021.07, Los Angeles, CA",2336,343
15000US060371021072,"BG 2, Tract 1021.07, Los Angeles, CA",1259,630
15000US060371031011,"BG 1, Tract 1031.01, Los Angeles, CA",1685,188
15000US060371031012,"BG 2, Tract 1031.01, Los Angeles, CA",1020,359
15000US060371031021,"BG 1, Tract 1031.02, Los Angeles, CA",474,170
15000US060371031022,"BG 2, Tract 1031.02, Los Angeles, CA",453,218
15000US060371031023,"BG 3, Tract 1031.02, Los Angeles, CA",1403,454
15000US060371031024,"BG 4, Tract 1031.02, Los Angeles, CA",1222,458
15000US060371031025,"BG 5, Tract 1031.02, Los Angeles, CA",916,417
15000US060371032011,"BG 1, Tract 1032.01, Los Angeles, CA",2462,368
15000US060371032012,"BG 2, Tract 1032.01, Los Angeles, CA",1963,535
15000US060371032021,"BG 1, Tract 1032.02, Los Angeles, CA",1945,645
15000US060371033001,"BG 1, Tract 1033, Los Angeles, CA",1679,474
15000US060371033002,"BG 2, Tract 1033, Los Angeles, CA",2342,500
15000US060371034011,"BG 1, Tract 1034.01, Los Angeles, CA",2552,405
15000US060371034021,"BG 1, Tract 1034.02, Los Angeles, CA",1051,416
15000US060371034022,"BG 2, Tract 1034.02, Los Angeles, CA",805,331
15000US060371034023,"BG 3, Tract 1034.02, Los Angeles, CA",465,188
15000US060371034024,"BG 4, Tract 1034.02, Los Angeles, CA",1488,469
15000US060371041031,"BG 1, Tract 1041.03, Los Angeles, CA",2021,496
15000US060371041032,"BG 2, Tract 1041.03, Los Angeles, CA",2236,843
15000US060371041051,"BG 1, Tract 1041.05, Los Angeles, CA",1906,683
15000US060371041052,"BG 2, Tract 1041.05, Los Angeles, CA",2706,638
15000US060371041053,"BG 3, Tract 1041.05, Los Angeles, CA",1278,482
15000US060371041081,"BG 1, Tract 1041.08, Los Angeles, CA",2008,693
15000US060371041082,"BG 2, Tract 1041.08, Los Angeles, CA",1761,600
15000US060371041083,"BG 3, Tract 1041.08, Los Angeles, CA",1183,567
15000US060371041241,"BG 1, Tract 1041.24, Los Angeles, CA",1605,486
15000US060371041242,"BG 2, Tract 1041.24, Los Angeles, CA",1842,520
15000US060371041243,"BG 3, Tract 1041.24, Los Angeles, CA",643,252
15000US060371042011,"BG 1, Tract 1042.01, Los Angeles, CA",1199,599
15000US060371042012,"BG 2, Tract 1042.01, Los Angeles, CA",1976,503
15000US060371042013,"BG 3, Tract 1042.01, Los Angeles, CA",1150,451
15000US060371042031,"BG 1, Tract 1042.03, Los Angeles, CA",2051,805
15000US060371042032,"BG 2, Tract 1042.03, Los Angeles, CA",2927,859
15000US060371042041,"BG 1, Tract 1042.04, Los Angeles, CA",1493,403
15000US060371042042,"BG 2, Tract 1042.04, Los Angeles, CA",2243,507
15000US060371043101,"BG 1, Tract 1043.10, Los Angeles, CA",1500,581
15000US060371043102,"BG 2, Tract 1043.10, Los Angeles, CA",1582,453
15000US060371043103,"BG 3, Tract 1043.10, Los Angeles, CA",1394,445
15000US060371043211,"BG 1, Tract 1043.21, Los Angeles, CA",991,476
15000US060371043212,"BG 2, Tract 1043.21, Los Angeles, CA",1454,579
15000US060371043213,"BG 3, Tract 1043.21, Los Angeles, CA",481,293
15000US060371043221,"BG 1, Tract 1043.22, Los Angeles, CA",1277,206
15000US060371043222,"BG 2, Tract 1043.22, Los Angeles, CA",579,156
15000US060371044011,"BG 1, Tract 1044.01, Los Angeles, CA",1947,532
15000US060371044012,"BG 2, Tract 1044.01, Los Angeles, CA",1136,246
15000US060371044031,"BG 1, Tract 1044.03, Los Angeles, CA",1522,339
15000US060371044032,"BG 2, Tract 1044.03, Los Angeles, CA",770,230
15000US060371044041,"BG 1, Tract 1044.04, Los Angeles, CA",1641,485
15000US060371044042,"BG 2, Tract 1044.04, Los Angeles, CA",1733,361
15000US060371045001,"BG 1, Tract 1045, Los Angeles, CA",1980,835
15000US060371045002,"BG 2, Tract 1045, Los Angeles, CA",1559,436
15000US060371046101,"BG 1, Tract 1046.10, Los Angeles, CA",1916,464
15000US060371046102,"BG 2, Tract 1046.10, Los Angeles, CA",1208,409
15000US060371046201,"BG 1, Tract 1046.20, Los Angeles, CA",1107,281
15000US060371046202,"BG 2, Tract 1046.20, Los Angeles, CA",2159,460
15000US060371047011,"BG 1, Tract 1047.01, Los Angeles, CA",627,284
15000US060371047012,"BG 2, Tract 1047.01, Los Angeles, CA",2320,533
15000US060371047013,"BG 3, Tract 1047.01, Los Angeles, CA",969,362
15000US060371047031,"BG 1, Tract 1047.03, Los Angeles, CA",1327,329
15000US060371047032,"BG 2, Tract 1047.03, Los Angeles, CA",979,468
15000US060371047041,"BG 1, Tract 1047.04, Los Angeles, CA",1721,441
15000US060371047042,"BG 2, Tract 1047.04, Los Angeles, CA",1944,785
15000US060371047043,"BG 3, Tract 1047.04, Los Angeles, CA",997,360
15000US060371048211,"BG 1, Tract 1048.21, Los Angeles, CA",2260,407
15000US060371048212,"BG 2, Tract 1048.21, Los Angeles, CA",1216,555
15000US060371048221,"BG 1, Tract 1048.22, Los Angeles, CA",2199,309
15000US060371048231,"BG 1, Tract 1048.23, Los Angeles, CA",1838,503
15000US060371048232,"BG 2, Tract 1048.23, Los Angeles, CA",1357,757
15000US060371048241,"BG 1, Tract 1048.24, Los Angeles, CA",778,348
15000US060371048242,"BG 2, Tract 1048.24, Los Angeles, CA",1804,1123
15000US060371060101,"BG 1, Tract 1060.10, Los Angeles, CA",1736,666
15000US060371060102,"BG 2, Tract 1060.10, Los Angeles, CA",2313,525
15000US060371060201,"BG 1, Tract 1060.20, Los Angeles, CA",1450,352
15000US060371060202,"BG 2, Tract 1060.20, Los Angeles, CA",1121,303
15000US060371060203,"BG 3, Tract 1060.20, Los Angeles, CA",2279,1073
15000US060371061111,"BG 1, Tract 1061.11, Los Angeles, CA",2568,726
15000US060371061112,"BG 2, Tract 1061.11, Los Angeles, CA",2139,368
15000US060371061121,"BG 1, Tract 1061.12, Los Angeles, CA",1935,441
15000US060371061122,"BG 2, Tract 1061.12, Los Angeles, CA",1617,636
15000US060371061123,"BG 3, Tract 1061.12, Los Angeles, CA",1483,358
15000US060371061131,"BG 1, Tract 1061.13, Los Angeles, CA",2016,500
15000US060371061132,"BG 2, Tract 1061.13, Los Angeles, CA",1819,429
15000US060371061141,"BG 1, Tract 1061.14, Los Angeles, CA",1663,495
15000US060371061142,"BG 2, Tract 1061.14, Los Angeles, CA",2118,531
15000US060371061143,"BG 3, Tract 1061.14, Los Angeles, CA",3148,883
15000US060371064031,"BG 1, Tract 1064.03, Los Angeles, CA",972,439
15000US060371064032,"BG 2, Tract 1064.03, Los Angeles, CA",1353,418
15000US060371064033,"BG 3, Tract 1064.03, Los Angeles, CA",1535,513
15000US060371064051,"BG 1, Tract 1064.05, Los Angeles, CA",1745,546
15000US060371064052,"BG 2, Tract 1064.05, Los Angeles, CA",1477,589
15000US060371064053,"BG 3, Tract 1064.05, Los Angeles, CA",927,441
15000US060371064061,"BG 1, Tract 1064.06, Los Angeles, CA",3413,620
15000US060371064062,"BG 2, Tract 1064.06, Los Angeles, CA",907,425
15000US060371064063,"BG 3, Tract 1064.06, Los Angeles, CA",1972,953
15000US060371064071,"BG 1, Tract 1064.07, Los Angeles, CA",1258,233
15000US060371064072,"BG 2, Tract 1064.07, Los Angeles, CA",1075,319
15000US060371064081,"BG 1, Tract 1064.08, Los Angeles, CA",3010,604
15000US060371064082,"BG 2, Tract 1064.08, Los Angeles, CA",822,302
15000US060371065101,"BG 1, Tract 1065.10, Los Angeles, CA",1788,681
15000US060371065102,"BG 2, Tract 1065.10, Los Angeles, CA",1851,567
15000US060371065103,"BG 3, Tract 1065.10, Los Angeles, CA",1960,647
15000US060371065201,"BG 1, Tract 1065.20, Los Angeles, CA",2421,664
15000US060371065202,"BG 2, Tract 1065.20, Los Angeles, CA",1560,390
15000US060371065203,"BG 3, Tract 1065.20, Los Angeles, CA",1503,564
15000US060371066031,"BG 1, Tract 1066.03, Los Angeles, CA",1779,467
15000US060371066032,"BG 2, Tract 1066.03, Los Angeles, CA",1902,594
15000US060371066041,"BG 1, Tract 1066.04, Los Angeles, CA",1740,477
15000US060371066042,"BG 2, Tract 1066.04, Los Angeles, CA",1491,516
15000US060371066043,"BG 3, Tract 1066.04, Los Angeles, CA",1118,516
15000US060371066411,"BG 1, Tract 1066.41, Los Angeles, CA",2096,268
15000US060371066421,"BG 1, Tract 1066.42, Los Angeles, CA",1125,401
15000US060371066422,"BG 2, Tract 1066.42, Los Angeles, CA",1270,512
15000US060371066423,"BG 3, Tract 1066.42, Los Angeles, CA",1119,379
15000US060371066431,"BG 1, Tract 1066.43, Los Angeles, CA",2016,460
15000US060371066432,"BG 2, Tract 1066.43, Los Angeles, CA",1176,359
15000US060371066433,"BG 3, Tract 1066.43, Los Angeles, CA",1119,723
15000US060371066451,"BG 1, Tract 1066.45, Los Angeles, CA",1208,344
15000US060371066452,"BG 2, Tract 1066.45, Los Angeles, CA",2464,705
15000US060371066461,"BG 1, Tract 1066.46, Los Angeles, CA",2056,290
15000US060371066462,"BG 2, Tract 1066.46, Los Angeles, CA",1036,235
15000US060371066481,"BG 1, Tract 1066.48, Los Angeles, CA",3938,549
15000US060371066482,"BG 2, Tract 1066.48, Los Angeles, CA",775,327
15000US060371066491,"BG 1, Tract 1066.49, Los Angeles, CA",1489,679
15000US060371066492,"BG 2, Tract 1066.49, Los Angeles, CA",1200,281
15000US060371070101,"BG 1, Tract 1070.10, Los Angeles, CA",1719,464
15000US060371070102,"BG 2, Tract 1070.10, Los Angeles, CA",1278,298
15000US060371070201,"BG 1, Tract 1070.20, Los Angeles, CA",1311,568
15000US060371070202,"BG 2, Tract 1070.20, Los Angeles, CA",896,394
15000US060371070203,"BG 3, Tract 1070.20, Los Angeles, CA",1893,1123
15000US060371070204,"BG 4, Tract 1070.20, Los Angeles, CA",821,319
15000US060371081011,"BG 1, Tract 1081.01, Los Angeles, CA",2128,344
15000US060371081021,"BG 1, Tract 1081.02, Los Angeles, CA",1062,387
15000US060371081022,"BG 2, Tract 1081.02, Los Angeles, CA",994,367
15000US060371081023,"BG 3, Tract 1081.02, Los Angeles, CA",1421,321
15000US060371081031,"BG 1, Tract 1081.03, Los Angeles, CA",1365,399
15000US060371081032,"BG 2, Tract 1081.03, Los Angeles, CA",1688,487
15000US060371081041,"BG 1, Tract 1081.04, Los Angeles, CA",1754,386
15000US060371082021,"BG 1, Tract 1082.02, Los Angeles, CA",2532,605
15000US060371082022,"BG 2, Tract 1082.02, Los Angeles, CA",3662,697
15000US060371082023,"BG 3, Tract 1082.02, Los Angeles, CA",4054,1605
15000US060371082031,"BG 1, Tract 1082.03, Los Angeles, CA",2084,317
15000US060371082032,"BG 2, Tract 1082.03, Los Angeles, CA",1073,306
15000US060371082041,"BG 1, Tract 1082.04, Los Angeles, CA",1782,315
15000US060371091001,"BG 1, Tract 1091, Los Angeles, CA",1077,246
15000US060371091002,"BG 2, Tract 1091, Los Angeles, CA",1784,326
15000US060371092001,"BG 1, Tract 1092, Los Angeles, CA",1152,542
15000US060371092002,"BG 2, Tract 1092, Los Angeles, CA",1056,299
15000US060371092003,"BG 3, Tract 1092, Los Angeles, CA",655,251
15000US060371093001,"BG 1, Tract 1093, Los Angeles, CA",874,321
15000US060371093002,"BG 2, Tract 1093, Los Angeles, CA",1345,208
15000US060371093003,"BG 3, Tract 1093, Los Angeles, CA",686,207
15000US060371094001,"BG 1, Tract 1094, Los Angeles, CA",509,307
15000US060371094002,"BG 2, Tract 1094, Los Angeles, CA",1796,657
15000US060371094003,"BG 3, Tract 1094, Los Angeles, CA",1315,413
15000US060371095001,"BG 1, Tract 1095, Los Angeles, CA",816,262
15000US060371095002,"BG 2, Tract 1095, Los Angeles, CA",2299,531
15000US060371095003,"BG 3, Tract 1095, Los Angeles, CA",792,626
15000US060371096011,"BG 1, Tract 1096.01, Los Angeles, CA",1296,456
15000US060371096012,"BG 2, Tract 1096.01, Los Angeles, CA",1106,601
15000US060371096013,"BG 3, Tract 1096.01, Los Angeles, CA",967,505
15000US060371096014,"BG 4, Tract 1096.01, Los Angeles, CA",1673,483
15000US060371096031,"BG 1, Tract 1096.03, Los Angeles, CA",1038,338
15000US060371096032,"BG 2, Tract 1096.03, Los Angeles, CA",1205,333
15000US060371096033,"BG 3, Tract 1096.03, Los Angeles, CA",1795,929
15000US060371096041,"BG 1, Tract 1096.04, Los Angeles, CA",863,250
15000US060371096042,"BG 2, Tract 1096.04, Los Angeles, CA",789,272
15000US060371096043,"BG 3, Tract 1096.04, Los Angeles, CA",1069,286
15000US060371097001,"BG 1, Tract 1097, Los Angeles, CA",1587,476
15000US060371097002,"BG 2, Tract 1097, Los Angeles, CA",1774,470
15000US060371097003,"BG 3, Tract 1097, Los Angeles, CA",898,384
15000US060371098001,"BG 1, Tract 1098, Los Angeles, CA",1464,427
15000US060371098002,"BG 2, Tract 1098, Los Angeles, CA",800,296
15000US060371098003,"BG 3, Tract 1098, Los Angeles, CA",1293,352
15000US060371098004,"BG 4, Tract 1098, Los Angeles, CA",1068,535
15000US060371111001,"BG 1, Tract 1111, Los Angeles, CA",1077,278
15000US060371111002,"BG 2, Tract 1111, Los Angeles, CA",1888,361
15000US060371112011,"BG 1, Tract 1112.01, Los Angeles, CA",1001,310
15000US060371112012,"BG 2, Tract 1112.01, Los Angeles, CA",1768,725
15000US060371112013,"BG 3, Tract 1112.01, Los Angeles, CA",506,194
15000US060371112021,"BG 1, Tract 1112.02, Los Angeles, CA",1563,928
15000US060371112022,"BG 2, Tract 1112.02, Los Angeles, CA",1565,667
15000US060371112023,"BG 3, Tract 1112.02, Los Angeles, CA",2614,502
15000US060371112041,"BG 1, Tract 1112.04, Los Angeles, CA",2626,580
15000US060371112042,"BG 2, Tract 1112.04, Los Angeles, CA",2166,696
15000US060371112043,"BG 3, Tract 1112.04, Los Angeles, CA",1110,251
15000US060371112051,"BG 1, Tract 1112.05, Los Angeles, CA",1509,387
15000US060371112052,"BG 2, Tract 1112.05, Los Angeles, CA",879,267
15000US060371112053,"BG 3, Tract 1112.05, Los Angeles, CA",1239,833
15000US060371112061,"BG 1, Tract 1112.06, Los Angeles, CA",1066,341
15000US060371112062,"BG 2, Tract 1112.06, Los Angeles, CA",637,198
15000US060371112063,"BG 3, Tract 1112.06, Los Angeles, CA",787,304
15000US060371112064,"BG 4, Tract 1112.06, Los Angeles, CA",699,214
15000US060371112065,"BG 5, Tract 1112.06, Los Angeles, CA",1106,241
15000US060371113021,"BG 1, Tract 1113.02, Los Angeles, CA",1435,472
15000US060371113022,"BG 2, Tract 1113.02, Los Angeles, CA",1113,287
15000US060371113023,"BG 3, Tract 1113.02, Los Angeles, CA",1354,356
15000US060371113024,"BG 4, Tract 1113.02, Los Angeles, CA",1065,435
15000US060371113031,"BG 1, Tract 1113.03, Los Angeles, CA",1874,440
15000US060371113032,"BG 2, Tract 1113.03, Los Angeles, CA",2693,555
15000US060371113041,"BG 1, Tract 1113.04, Los Angeles, CA",1096,350
15000US060371113042,"BG 2, Tract 1113.04, Los Angeles, CA",1986,579
15000US060371114011,"BG 1, Tract 1114.01, Los Angeles, CA",2193,386
15000US060371114021,"BG 1, Tract 1114.02, Los Angeles, CA",2175,855
15000US060371114022,"BG 2, Tract 1114.02, Los Angeles, CA",2036,546
15000US060371114023,"BG 3, Tract 1114.02, Los Angeles, CA",1787,753
15000US060371131011,"BG 1, Tract 1131.01, Los Angeles, CA",1581,441
15000US060371131012,"BG 2, Tract 1131.01, Los Angeles, CA",1959,299
15000US060371131021,"BG 1, Tract 1131.02, Los Angeles, CA",1768,316
15000US060371131022,"BG 2, Tract 1131.02, Los Angeles, CA",1212,228
15000US060371132111,"BG 1, Tract 1132.11, Los Angeles, CA",1873,420
15000US060371132112,"BG 2, Tract 1132.11, Los Angeles, CA",2265,566
15000US060371132121,"BG 1, Tract 1132.12, Los Angeles, CA",869,177
15000US060371132122,"BG 2, Tract 1132.12, Los Angeles, CA",2003,361
15000US060371132131,"BG 1, Tract 1132.13, Los Angeles, CA",3483,661
15000US060371132132,"BG 2, Tract 1132.13, Los Angeles, CA",1585,357
15000US060371132311,"BG 1, Tract 1132.31, Los Angeles, CA",1062,246
15000US060371132312,"BG 2, Tract 1132.31, Los Angeles, CA",1171,166
15000US060371132321,"BG 1, Tract 1132.32, Los Angeles, CA",3107,606
15000US060371132322,"BG 2, Tract 1132.32, Los Angeles, CA",1670,339
15000US060371132341,"BG 1, Tract 1132.34, Los Angeles, CA",1177,385
15000US060371132342,"BG 2, Tract 1132.34, Los Angeles, CA",1080,336
15000US060371132343,"BG 3, Tract 1132.34, Los Angeles, CA",2386,1188
15000US060371132344,"BG 4, Tract 1132.34, Los Angeles, CA",997,378
15000US060371132351,"BG 1, Tract 1132.35, Los Angeles, CA",1690,324
15000US060371132371,"BG 1, Tract 1132.37, Los Angeles, CA",2953,877
15000US060371132372,"BG 2, Tract 1132.37, Los Angeles, CA",1812,830
15000US060371132381,"BG 1, Tract 1132.38, Los Angeles, CA",1165,435
15000US060371132382,"BG 2, Tract 1132.38, Los Angeles, CA",2801,676
15000US060371132383,"BG 3, Tract 1132.38, Los Angeles, CA",630,348
15000US060371132391,"BG 1, Tract 1132.39, Los Angeles, CA",888,219
15000US060371132392,"BG 2, Tract 1132.39, Los Angeles, CA",1246,217
15000US060371133011,"BG 1, Tract 1133.01, Los Angeles, CA",477,219
15000US060371133012,"BG 2, Tract 1133.01, Los Angeles, CA",3778,675
15000US060371133031,"BG 1, Tract 1133.03, Los Angeles, CA",2414,342
15000US060371133032,"BG 2, Tract 1133.03, Los Angeles, CA",1385,312
15000US060371133221,"BG 1, Tract 1133.22, Los Angeles, CA",2017,482
15000US060371133222,"BG 2, Tract 1133.22, Los Angeles, CA",2744,733
15000US060371133231,"BG 1, Tract 1133.23, Los Angeles, CA",2104,475
15000US060371133232,"BG 2, Tract 1133.23, Los Angeles, CA",1800,454
15000US060371133241,"BG 1, Tract 1133.24, Los Angeles, CA",2837,1567
15000US060371134231,"BG 1, Tract 1134.23, Los Angeles, CA",1444,685
15000US060371134232,"BG 2, Tract 1134.23, Los Angeles, CA",1401,310
15000US060371134241,"BG 1, Tract 1134.24, Los Angeles, CA",1867,580
15000US060371134242,"BG 2, Tract 1134.24, Los Angeles, CA",1266,281
15000US060371134251,"BG 1, Tract 1134.25, Los Angeles, CA",1396,482
15000US060371134252,"BG 2, Tract 1134.25, Los Angeles, CA",2858,772
15000US060371134261,"BG 1, Tract 1134.26, Los Angeles, CA",2302,339
15000US060371134271,"BG 1, Tract 1134.27, Los Angeles, CA",1562,409
15000US060371134272,"BG 2, Tract 1134.27, Los Angeles, CA",824,265
15000US060371134281,"BG 1, Tract 1134.28, Los Angeles, CA",1005,381
15000US060371134282,"BG 2, Tract 1134.28, Los Angeles, CA",1250,318
15000US060371134283,"BG 3, Tract 1134.28, Los Angeles, CA",1865,1528
15000US060371151011,"BG 1, Tract 1151.01, Los Angeles, CA",1510,449
15000US060371151012,"BG 2, Tract 1151.01, Los Angeles, CA",2312,482
15000US060371151013,"BG 3, Tract 1151.01, Los Angeles, CA",1212,403
15000US060371151031,"BG 1, Tract 1151.03, Los Angeles, CA",2606,54
15000US060371151041,"BG 1, Tract 1151.04, Los Angeles, CA",844,240
15000US060371151042,"BG 2, Tract 1151.04, Los Angeles, CA",1145,411
15000US060371151043,"BG 3, Tract 1151.04, Los Angeles, CA",1204,505
15000US060371151044,"BG 4, Tract 1151.04, Los Angeles, CA",1211,435
15000US060371152021,"BG 1, Tract 1152.02, Los Angeles, CA",1971,583
15000US060371152022,"BG 2, Tract 1152.02, Los Angeles, CA",2610,1046
15000US060371152023,"BG 3, Tract 1152.02, Los Angeles, CA",1453,371
15000US060371152031,"BG 1, Tract 1152.03, Los Angeles, CA",1484,346
15000US060371152032,"BG 2, Tract 1152.03, Los Angeles, CA",445,219
15000US060371152041,"BG 1, Tract 1152.04, Los Angeles, CA",1966,437
15000US060371152042,"BG 2, Tract 1152.04, Los Angeles, CA",1987,604
15000US060371153011,"BG 1, Tract 1153.01, Los Angeles, CA",1150,296
15000US060371153012,"BG 2, Tract 1153.01, Los Angeles, CA",1397,627
15000US060371153013,"BG 3, Tract 1153.01, Los Angeles, CA",991,289
15000US060371153014,"BG 4, Tract 1153.01, Los Angeles, CA",900,368
15000US060371153021,"BG 1, Tract 1153.02, Los Angeles, CA",1094,285
15000US060371153022,"BG 2, Tract 1153.02, Los Angeles, CA",1397,413
15000US060371153023,"BG 3, Tract 1153.02, Los Angeles, CA",1348,296
15000US060371154011,"BG 1, Tract 1154.01, Los Angeles, CA",1491,492
15000US060371154012,"BG 2, Tract 1154.01, Los Angeles, CA",762,369
15000US060371154013,"BG 3, Tract 1154.01, Los Angeles, CA",1975,549
15000US060371154014,"BG 4, Tract 1154.01, Los Angeles, CA",1409,554
15000US060371154031,"BG 1, Tract 1154.03, Los Angeles, CA",1333,326
15000US060371154032,"BG 2, Tract 1154.03, Los Angeles, CA",2046,861
15000US060371154041,"BG 1, Tract 1154.04, Los Angeles, CA",1247,399
15000US060371154042,"BG 2, Tract 1154.04, Los Angeles, CA",1372,383
15000US060371171011,"BG 1, Tract 1171.01, Los Angeles, CA",1926,357
15000US060371171012,"BG 2, Tract 1171.01, Los Angeles, CA",1362,515
15000US060371171013,"BG 3, Tract 1171.01, Los Angeles, CA",1945,629
15000US060371171021,"BG 1, Tract 1171.02, Los Angeles, CA",1120,331
15000US060371171022,"BG 2, Tract 1171.02, Los Angeles, CA",1307,238
15000US060371172011,"BG 1, Tract 1172.01, Los Angeles, CA",1329,362
15000US060371172012,"BG 2, Tract 1172.01, Los Angeles, CA",1175,409
15000US060371172013,"BG 3, Tract 1172.01, Los Angeles, CA",1604,440
15000US060371172021,"BG 1, Tract 1172.02, Los Angeles, CA",1836,414
15000US060371172022,"BG 2, Tract 1172.02, Los Angeles, CA",982,227
15000US060371173011,"BG 1, Tract 1173.01, Los Angeles, CA",1516,440
15000US060371173012,"BG 2, Tract 1173.01, Los Angeles, CA",1570,511
15000US060371173013,"BG 3, Tract 1173.01, Los Angeles, CA",722,259
15000US060371173021,"BG 1, Tract 1173.02, Los Angeles, CA",1291,592
15000US060371173022,"BG 2, Tract 1173.02, Los Angeles, CA",786,321
15000US060371173023,"BG 3, Tract 1173.02, Los Angeles, CA",1337,389
15000US060371173024,"BG 4, Tract 1173.02, Los Angeles, CA",1536,471
15000US060371173031,"BG 1, Tract 1173.03, Los Angeles, CA",2380,429
15000US060371173032,"BG 2, Tract 1173.03, Los Angeles, CA",1782,998
15000US060371174041,"BG 1, Tract 1174.04, Los Angeles, CA",729,340
15000US060371174042,"BG 2, Tract 1174.04, Los Angeles, CA",1547,1492
15000US060371174043,"BG 3, Tract 1174.04, Los Angeles, CA",2940,2510
15000US060371174051,"BG 1, Tract 1174.05, Los Angeles, CA",2516,513
15000US060371174052,"BG 2, Tract 1174.05, Los Angeles, CA",532,200
15000US060371174071,"BG 1, Tract 1174.07, Los Angeles, CA",809,227
15000US060371174072,"BG 2, Tract 1174.07, Los Angeles, CA",2376,449
15000US060371174081,"BG 1, Tract 1174.08, Los Angeles, CA",2505,370
15000US060371175101,"BG 1, Tract 1175.10, Los Angeles, CA",533,259
15000US060371175102,"BG 2, Tract 1175.10, Los Angeles, CA",1561,565
15000US060371175103,"BG 3, Tract 1175.10, Los Angeles, CA",1696,518
15000US060371175201,"BG 1, Tract 1175.20, Los Angeles, CA",2115,608
15000US060371175202,"BG 2, Tract 1175.20, Los Angeles, CA",2230,581
15000US060371175301,"BG 1, Tract 1175.30, Los Angeles, CA",1128,446
15000US060371175302,"BG 2, Tract 1175.30, Los Angeles, CA",1462,444
15000US060371175303,"BG 3, Tract 1175.30, Los Angeles, CA",1908,542
15000US060371175304,"BG 4, Tract 1175.30, Los Angeles, CA",1243,408
15000US060371190011,"BG 1, Tract 1190.01, Los Angeles, CA",2183,580
15000US060371190012,"BG 2, Tract 1190.01, Los Angeles, CA",2100,455
15000US060371190031,"BG 1, Tract 1190.03, Los Angeles, CA",900,355
15000US060371190032,"BG 2, Tract 1190.03, Los Angeles, CA",1221,625
15000US060371190033,"BG 3, Tract 1190.03, Los Angeles, CA",1211,359
15000US060371190041,"BG 1, Tract 1190.04, Los Angeles, CA",672,280
15000US060371190042,"BG 2, Tract 1190.04, Los Angeles, CA",2087,1108
15000US060371192011,"BG 1, Tract 1192.01, Los Angeles, CA",858,295
15000US060371192012,"BG 2, Tract 1192.01, Los Angeles, CA",1717,852
15000US060371192013,"BG 3, Tract 1192.01, Los Angeles, CA",1401,357
15000US060371192021,"BG 1, Tract 1192.02, Los Angeles, CA",611,313
15000US060371192022,"BG 2, Tract 1192.02, Los Angeles, CA",1639,654
15000US060371192023,"BG 3, Tract 1192.02, Los Angeles, CA",2424,602
15000US060371193101,"BG 1, Tract 1193.10, Los Angeles, CA",1887,479
15000US060371193102,"BG 2, Tract 1193.10, Los Angeles, CA",1880,500
15000US060371193201,"BG 1, Tract 1193.20, Los Angeles, CA",1773,408
15000US060371193202,"BG 2, Tract 1193.20, Los Angeles, CA",1384,419
15000US060371193203,"BG 3, Tract 1193.20, Los Angeles, CA",1135,356
15000US060371193401,"BG 1, Tract 1193.40, Los Angeles, CA",1748,446
15000US060371193402,"BG 2, Tract 1193.40, Los Angeles, CA",2000,341
15000US060371193411,"BG 1, Tract 1193.41, Los Angeles, CA",2744,365
15000US060371193421,"BG 1, Tract 1193.42, Los Angeles, CA",1640,337
15000US060371193422,"BG 2, Tract 1193.42, Los Angeles, CA",1151,290
15000US060371194001,"BG 1, Tract 1194, Los Angeles, CA",1173,560
15000US060371194002,"BG 2, Tract 1194, Los Angeles, CA",1489,594
15000US060371194003,"BG 3, Tract 1194, Los Angeles, CA",1988,650
15000US060371197001,"BG 1, Tract 1197, Los Angeles, CA",1791,785
15000US060371197002,"BG 2, Tract 1197, Los Angeles, CA",1078,335
15000US060371197003,"BG 3, Tract 1197, Los Angeles, CA",1545,494
15000US060371198011,"BG 1, Tract 1198.01, Los Angeles, CA",1335,328
15000US060371198012,"BG 2, Tract 1198.01, Los Angeles, CA",1367,258
15000US060371198021,"BG 1, Tract 1198.02, Los Angeles, CA",1739,619
15000US060371198022,"BG 2, Tract 1198.02, Los Angeles, CA",1355,594
15000US060371199001,"BG 1, Tract 1199, Los Angeles, CA",1135,583
15000US060371199002,"BG 2, Tract 1199, Los Angeles, CA",1973,774
15000US060371199003,"BG 3, Tract 1199, Los Angeles, CA",1395,378
15000US060371200101,"BG 1, Tract 1200.10, Los Angeles, CA",1766,429
15000US060371200102,"BG 2, Tract 1200.10, Los Angeles, CA",877,259
15000US060371200201,"BG 1, Tract 1200.20, Los Angeles, CA",2069,497
15000US060371200202,"BG 2, Tract 1200.20, Los Angeles, CA",1904,471
15000US060371200301,"BG 1, Tract 1200.30, Los Angeles, CA",2576,346
15000US060371201031,"BG 1, Tract 1201.03, Los Angeles, CA",833,231
15000US060371201032,"BG 2, Tract 1201.03, Los Angeles, CA",2046,408
15000US060371201041,"BG 1, Tract 1201.04, Los Angeles, CA",2603,413
15000US060371201051,"BG 1, Tract 1201.05, Los Angeles, CA",1639,343
15000US060371201052,"BG 2, Tract 1201.05, Los Angeles, CA",1116,299
15000US060371201061,"BG 1, Tract 1201.06, Los Angeles, CA",1150,353
15000US060371201062,"BG 2, Tract 1201.06, Los Angeles, CA",1276,402
15000US060371201063,"BG 3, Tract 1201.06, Los Angeles, CA",1856,643
15000US060371201071,"BG 1, Tract 1201.07, Los Angeles, CA",1743,410
15000US060371201072,"BG 2, Tract 1201.07, Los Angeles, CA",2387,729
15000US060371201081,"BG 1, Tract 1201.08, Los Angeles, CA",2102,458
15000US060371201082,"BG 2, Tract 1201.08, Los Angeles, CA",2456,498
15000US060371203001,"BG 1, Tract 1203, Los Angeles, CA",846,306
15000US060371203002,"BG 2, Tract 1203, Los Angeles, CA",1697,674
15000US060371203003,"BG 3, Tract 1203, Los Angeles, CA",1240,459
15000US060371203004,"BG 4, Tract 1203, Los Angeles, CA",1686,576
15000US060371204001,"BG 1, Tract 1204, Los Angeles, CA",2418,580
15000US060371204002,"BG 2, Tract 1204, Los Angeles, CA",1978,930
15000US060371204003,"BG 3, Tract 1204, Los Angeles, CA",1424,572
15000US060371210101,"BG 1, Tract 1210.10, Los Angeles, CA",847,408
15000US060371210102,"BG 2, Tract 1210.10, Los Angeles, CA",1422,594
15000US060371210103,"BG 3, Tract 1210.10, Los Angeles, CA",848,467
15000US060371210104,"BG 4, Tract 1210.10, Los Angeles, CA",2096,654
15000US060371210201,"BG 1, Tract 1210.20, Los Angeles, CA",1994,508
15000US060371210202,"BG 2, Tract 1210.20, Los Angeles, CA",1487,527
15000US060371211011,"BG 1, Tract 1211.01, Los Angeles, CA",1508,483
15000US060371211012,"BG 2, Tract 1211.01, Los Angeles, CA",1837,399
15000US060371211021,"BG 1, Tract 1211.02, Los Angeles, CA",610,197
15000US060371211022,"BG 2, Tract 1211.02, Los Angeles, CA",736,193
15000US060371211023,"BG 3, Tract 1211.02, Los Angeles, CA",908,307
15000US060371212101,"BG 1, Tract 1212.10, Los Angeles, CA",2112,572
15000US060371212102,"BG 2, Tract 1212.10, Los Angeles, CA",1056,230
15000US060371212211,"BG 1, Tract 1212.21, Los Angeles, CA",603,220
15000US060371212212,"BG 2, Tract 1212.21, Los Angeles, CA",1444,295
15000US060371212221,"BG 1, Tract 1212.22, Los Angeles, CA",1835,626
15000US060371212222,"BG 2, Tract 1212.22, Los Angeles, CA",1139,618
15000US060371212223,"BG 3, Tract 1212.22, Los Angeles, CA",2137,477
15000US060371216001,"BG 1, Tract 1216, Los Angeles, CA",1884,317
15000US060371216002,"BG 2, Tract 1216, Los Angeles, CA",720,311
15000US060371218011,"BG 1, Tract 1218.01, Los Angeles, CA",2690,736
15000US060371218012,"BG 2, Tract 1218.01, Los Angeles, CA",1612,345
15000US060371218021,"BG 1, Tract 1218.02, Los Angeles, CA",1184,279
15000US060371218022,"BG 2, Tract 1218.02, Los Angeles, CA",2008,402
15000US060371219001,"BG 1, Tract 1219, Los Angeles, CA",1148,339
15000US060371219002,"BG 2, Tract 1219, Los Angeles, CA",2181,621
15000US060371220001,"BG 1, Tract 1220, Los Angeles, CA",2007,492
15000US060371220002,"BG 2, Tract 1220, Los Angeles, CA",2352,696
15000US060371220003,"BG 3, Tract 1220, Los Angeles, CA",967,555
15000US060371221201,"BG 1, Tract 1221.20, Los Angeles, CA",1835,515
15000US060371221202,"BG 2, Tract 1221.20, Los Angeles, CA",2552,560
15000US060371221211,"BG 1, Tract 1221.21, Los Angeles, CA",1766,460
15000US060371221212,"BG 2, Tract 1221.21, Los Angeles, CA",960,306
15000US060371221221,"BG 1, Tract 1221.22, Los Angeles, CA",979,543
15000US060371221222,"BG 2, Tract 1221.22, Los Angeles, CA",1583,398
15000US060371222001,"BG 1, Tract 1222, Los Angeles, CA",1752,388
15000US060371222002,"BG 2, Tract 1222, Los Angeles, CA",1873,378
15000US060371224101,"BG 1, Tract 1224.10, Los Angeles, CA",3014,633
15000US060371224102,"BG 2, Tract 1224.10, Los Angeles, CA",1069,356
15000US060371224201,"BG 1, Tract 1224.20, Los Angeles, CA",1398,511
15000US060371224202,"BG 2, Tract 1224.20, Los Angeles, CA",2005,911
15000US060371224203,"BG 3, Tract 1224.20, Los Angeles, CA",1925,579
15000US060371230101,"BG 1, Tract 1230.10, Los Angeles, CA",2360,586
15000US060371230102,"BG 2, Tract 1230.10, Los Angeles, CA",1468,402
15000US060371230201,"BG 1, Tract 1230.20, Los Angeles, CA",1679,448
15000US060371230202,"BG 2, Tract 1230.20, Los Angeles, CA",1125,361
15000US060371231031,"BG 1, Tract 1231.03, Los Angeles, CA",1351,323
15000US060371231032,"BG 2, Tract 1231.03, Los Angeles, CA",2542,529
15000US060371231041,"BG 1, Tract 1231.04, Los Angeles, CA",1069,351
15000US060371231042,"BG 2, Tract 1231.04, Los Angeles, CA",1562,584
15000US060371231043,"BG 3, Tract 1231.04, Los Angeles, CA",2069,580
15000US060371232031,"BG 1, Tract 1232.03, Los Angeles, CA",1360,448
15000US060371232032,"BG 2, Tract 1232.03, Los Angeles, CA",734,393
15000US060371232033,"BG 3, Tract 1232.03, Los Angeles, CA",832,368
15000US060371232041,"BG 1, Tract 1232.04, Los Angeles, CA",1379,638
15000US060371232042,"BG 2, Tract 1232.04, Los Angeles, CA",1954,541
15000US060371232051,"BG 1, Tract 1232.05, Los Angeles, CA",2121,767
15000US060371232052,"BG 2, Tract 1232.05, Los Angeles, CA",713,222
15000US060371232061,"BG 1, Tract 1232.06, Los Angeles, CA",2470,230
15000US060371233011,"BG 1, Tract 1233.01, Los Angeles, CA",2422,521
15000US060371233012,"BG 2, Tract 1233.01, Los Angeles, CA",1534,401
15000US060371233031,"BG 1, Tract 1233.03, Los Angeles, CA",1045,261
15000US060371233032,"BG 2, Tract 1233.03, Los Angeles, CA",1797,304
15000US060371233041,"BG 1, Tract 1233.04, Los Angeles, CA",2420,574
15000US060371233042,"BG 2, Tract 1233.04, Los Angeles, CA",905,350
15000US060371233043,"BG 3, Tract 1233.04, Los Angeles, CA",1110,290
15000US060371234101,"BG 1, Tract 1234.10, Los Angeles, CA",2166,606
15000US060371234102,"BG 2, Tract 1234.10, Los Angeles, CA",1303,522
15000US060371234201,"BG 1, Tract 1234.20, Los Angeles, CA",2764,764
15000US060371234202,"BG 2, Tract 1234.20, Los Angeles, CA",778,334
15000US060371234203,"BG 3, Tract 1234.20, Los Angeles, CA",911,389
15000US060371235101,"BG 1, Tract 1235.10, Los Angeles, CA",2457,529
15000US060371235102,"BG 2, Tract 1235.10, Los Angeles, CA",2195,570
15000US060371235201,"BG 1, Tract 1235.20, Los Angeles, CA",2488,350
15000US060371236011,"BG 1, Tract 1236.01, Los Angeles, CA",763,298
15000US060371236012,"BG 2, Tract 1236.01, Los Angeles, CA",2156,504
15000US060371236013,"BG 3, Tract 1236.01, Los Angeles, CA",2579,626
15000US060371236021,"BG 1, Tract 1236.02, Los Angeles, CA",1577,586
15000US060371236022,"BG 2, Tract 1236.02, Los Angeles, CA",875,308
15000US060371236023,"BG 3, Tract 1236.02, Los Angeles, CA",647,212
15000US060371237001,"BG 1, Tract 1237, Los Angeles, CA",658,317
15000US060371237002,"BG 2, Tract 1237, Los Angeles, CA",922,336
15000US060371237003,"BG 3, Tract 1237, Los Angeles, CA",901,329
15000US060371237004,"BG 4, Tract 1237, Los Angeles, CA",1346,486
15000US060371238001,"BG 1, Tract 1238, Los Angeles, CA",1323,419
15000US060371238002,"BG 2, Tract 1238, Los Angeles, CA",2336,779
15000US060371238003,"BG 3, Tract 1238, Los Angeles, CA",1893,416
15000US060371239011,"BG 1, Tract 1239.01, Los Angeles, CA",2858,701
15000US060371239012,"BG 2, Tract 1239.01, Los Angeles, CA",1511,522
15000US060371239021,"BG 1, Tract 1239.02, Los Angeles, CA",1523,427
15000US060371239022,"BG 2, Tract 1239.02, Los Angeles, CA",1235,275
15000US060371240001,"BG 1, Tract 1240, Los Angeles, CA",976,369
15000US060371240002,"BG 2, Tract 1240, Los Angeles, CA",1258,394
15000US060371240003,"BG 3, Tract 1240, Los Angeles, CA",1516,594
15000US060371240004,"BG 4, Tract 1240, Los Angeles, CA",752,313
15000US060371241021,"BG 1, Tract 1241.02, Los Angeles, CA",1990,756
15000US060371241022,"BG 2, Tract 1241.02, Los Angeles, CA",981,290
15000US060371241023,"BG 3, Tract 1241.02, Los Angeles, CA",682,176
15000US060371241031,"BG 1, Tract 1241.03, Los Angeles, CA",1891,316
15000US060371241041,"BG 1, Tract 1241.04, Los Angeles, CA",1743,298
15000US060371241042,"BG 2, Tract 1241.04, Los Angeles, CA",1034,480
15000US060371241051,"BG 1, Tract 1241.05, Los Angeles, CA",980,238
15000US060371241052,"BG 2, Tract 1241.05, Los Angeles, CA",1211,239
15000US060371242011,"BG 1, Tract 1242.01, Los Angeles, CA",1645,816
15000US060371242012,"BG 2, Tract 1242.01, Los Angeles, CA",1015,287
15000US060371242013,"BG 3, Tract 1242.01, Los Angeles, CA",785,589
15000US060371242031,"BG 1, Tract 1242.03, Los Angeles, CA",622,172
15000US060371242032,"BG 2, Tract 1242.03, Los Angeles, CA",1441,303
15000US060371242041,"BG 1, Tract 1242.04, Los Angeles, CA",1757,335
15000US060371242042,"BG 2, Tract 1242.04, Los Angeles, CA",780,320
15000US060371243001,"BG 1, Tract 1243, Los Angeles, CA",497,213
15000US060371243002,"BG 2, Tract 1243, Los Angeles, CA",1311,348
15000US060371243003,"BG 3, Tract 1243, Los Angeles, CA",1286,282
15000US060371244001,"BG 1, Tract 1244, Los Angeles, CA",1072,352
15000US060371244002,"BG 2, Tract 1244, Los Angeles, CA",1667,411
15000US060371244003,"BG 3, Tract 1244, Los Angeles, CA",1731,741
15000US060371245001,"BG 1, Tract 1245, Los Angeles, CA",1052,276
15000US060371245002,"BG 2, Tract 1245, Los Angeles, CA",1676,384
15000US060371246001,"BG 1, Tract 1246, Los Angeles, CA",568,152
15000US060371246002,"BG 2, Tract 1246, Los Angeles, CA",958,346
15000US060371246003,"BG 3, Tract 1246, Los Angeles, CA",1323,356
15000US060371247001,"BG 1, Tract 1247, Los Angeles, CA",919,365
15000US060371247002,"BG 2, Tract 1247, Los Angeles, CA",1062,527
15000US060371247003,"BG 3, Tract 1247, Los Angeles, CA",2053,689
15000US060371247004,"BG 4, Tract 1247, Los Angeles, CA",1217,465
15000US060371249021,"BG 1, Tract 1249.02, Los Angeles, CA",2193,668
15000US060371249022,"BG 2, Tract 1249.02, Los Angeles, CA",936,238
15000US060371249031,"BG 1, Tract 1249.03, Los Angeles, CA",2818,456
15000US060371249032,"BG 2, Tract 1249.03, Los Angeles, CA",1146,276
15000US060371251011,"BG 1, Tract 1251.01, Los Angeles, CA",1248,420
15000US060371251012,"BG 2, Tract 1251.01, Los Angeles, CA",2068,719
15000US060371251013,"BG 3, Tract 1251.01, Los Angeles, CA",1149,355
15000US060371251021,"BG 1, Tract 1251.02, Los Angeles, CA",1484,235
15000US060371251022,"BG 2, Tract 1251.02, Los Angeles, CA",569,224
15000US060371252001,"BG 1, Tract 1252, Los Angeles, CA",1786,446
15000US060371252002,"BG 2, Tract 1252, Los Angeles, CA",1184,335
15000US060371252003,"BG 3, Tract 1252, Los Angeles, CA",1233,414
15000US060371253101,"BG 1, Tract 1253.10, Los Angeles, CA",838,311
15000US060371253102,"BG 2, Tract 1253.10, Los Angeles, CA",723,408
15000US060371253103,"BG 3, Tract 1253.10, Los Angeles, CA",670,255
15000US060371253104,"BG 4, Tract 1253.10, Los Angeles, CA",898,511
15000US060371253105,"BG 5, Tract 1253.10, Los Angeles, CA",1041,488
15000US060371253211,"BG 1, Tract 1253.21, Los Angeles, CA",1766,378
15000US060371253212,"BG 2, Tract 1253.21, Los Angeles, CA",1074,529
15000US060371253221,"BG 1, Tract 1253.22, Los Angeles, CA",1340,327
15000US060371253222,"BG 2, Tract 1253.22, Los Angeles, CA",750,226
15000US060371254021,"BG 1, Tract 1254.02, Los Angeles, CA",1285,431
15000US060371254022,"BG 2, Tract 1254.02, Los Angeles, CA",599,269
15000US060371254023,"BG 3, Tract 1254.02, Los Angeles, CA",1937,412
15000US060371254031,"BG 1, Tract 1254.03, Los Angeles, CA",1307,461
15000US060371254032,"BG 2, Tract 1254.03, Los Angeles, CA",1287,219
15000US060371254041,"BG 1, Tract 1254.04, Los Angeles, CA",3001,462
15000US060371255011,"BG 1, Tract 1255.01, Los Angeles, CA",1647,352
15000US060371255012,"BG 2, Tract 1255.01, Los Angeles, CA",1322,309
15000US060371255021,"BG 1, Tract 1255.02, Los Angeles, CA",969,229
15000US060371255022,"BG 2, Tract 1255.02, Los Angeles, CA",1620,485
15000US060371255023,"BG 3, Tract 1255.02, Los Angeles, CA",1107,294
15000US060371256001,"BG 1, Tract 1256, Los Angeles, CA",595,173
15000US060371256002,"BG 2, Tract 1256, Los Angeles, CA",1288,372
15000US060371256003,"BG 3, Tract 1256, Los Angeles, CA",1107,326
15000US060371271021,"BG 1, Tract 1271.02, Los Angeles, CA",1162,398
15000US060371271022,"BG 2, Tract 1271.02, Los Angeles, CA",1430,474
15000US060371271023,"BG 3, Tract 1271.02, Los Angeles, CA",2700,559
15000US060371271031,"BG 1, Tract 1271.03, Los Angeles, CA",3354,605
15000US060371271041,"BG 1, Tract 1271.04, Los Angeles, CA",2329,1279
15000US060371271042,"BG 2, Tract 1271.04, Los Angeles, CA",1998,562
15000US060371272101,"BG 1, Tract 1272.10, Los Angeles, CA",1256,576
15000US060371272102,"BG 2, Tract 1272.10, Los Angeles, CA",1661,494
15000US060371272103,"BG 3, Tract 1272.10, Los Angeles, CA",2517,673
15000US060371272201,"BG 1, Tract 1272.20, Los Angeles, CA",2151,732
15000US060371272202,"BG 2, Tract 1272.20, Los Angeles, CA",807,426
15000US060371272203,"BG 3, Tract 1272.20, Los Angeles, CA",1792,390
15000US060371273001,"BG 1, Tract 1273, Los Angeles, CA",2590,724
15000US060371273002,"BG 2, Tract 1273, Los Angeles, CA",1711,480
15000US060371274001,"BG 1, Tract 1274, Los Angeles, CA",494,369
15000US060371274002,"BG 2, Tract 1274, Los Angeles, CA",1865,377
15000US060371274003,"BG 3, Tract 1274, Los Angeles, CA",2159,547
15000US060371274004,"BG 4, Tract 1274, Los Angeles, CA",1120,352
15000US060371275201,"BG 1, Tract 1275.20, Los Angeles, CA",3368,717
15000US060371275202,"BG 2, Tract 1275.20, Los Angeles, CA",1500,494
15000US060371276031,"BG 1, Tract 1276.03, Los Angeles, CA",1657,372
15000US060371276032,"BG 2, Tract 1276.03, Los Angeles, CA",1216,260
15000US060371276041,"BG 1, Tract 1276.04, Los Angeles, CA",1096,302
15000US060371276042,"BG 2, Tract 1276.04, Los Angeles, CA",2055,472
15000US060371276051,"BG 1, Tract 1276.05, Los Angeles, CA",954,582
15000US060371276052,"BG 2, Tract 1276.05, Los Angeles, CA",2728,530
15000US060371276061,"BG 1, Tract 1276.06, Los Angeles, CA",888,369
15000US060371276062,"BG 2, Tract 1276.06, Los Angeles, CA",2330,543
15000US060371277111,"BG 1, Tract 1277.11, Los Angeles, CA",2655,479
15000US060371277112,"BG 2, Tract 1277.11, Los Angeles, CA",576,255
15000US060371277121,"BG 1, Tract 1277.12, Los Angeles, CA",1992,550
15000US060371277122,"BG 2, Tract 1277.12, Los Angeles, CA",2055,778
15000US060371278031,"BG 1, Tract 1278.03, Los Angeles, CA",2228,768
15000US060371278032,"BG 2, Tract 1278.03, Los Angeles, CA",2774,554
15000US060371278041,"BG 1, Tract 1278.04, Los Angeles, CA",1134,558
15000US060371278042,"BG 2, Tract 1278.04, Los Angeles, CA",1582,345
15000US060371278043,"BG 3, Tract 1278.04, Los Angeles, CA",1717,1069
15000US060371278051,"BG 1, Tract 1278.05, Los Angeles, CA",636,165
15000US060371278052,"BG 2, Tract 1278.05, Los Angeles, CA",1752,638
15000US060371278053,"BG 3, Tract 1278.05, Los Angeles, CA",1126,403
15000US060371278061,"BG 1, Tract 1278.06, Los Angeles, CA",1787,643
15000US060371278062,"BG 2, Tract 1278.06, Los Angeles, CA",467,157
15000US060371278063,"BG 3, Tract 1278.06, Los Angeles, CA",1475,441
15000US060371279101,"BG 1, Tract 1279.10, Los Angeles, CA",1849,620
15000US060371279102,"BG 2, Tract 1279.10, Los Angeles, CA",3223,531
15000US060371279201,"BG 1, Tract 1279.20, Los Angeles, CA",2659,676
15000US060371279202,"BG 2, Tract 1279.20, Los Angeles, CA",1726,479
15000US060371281011,"BG 1, Tract 1281.01, Los Angeles, CA",1880,343
15000US060371281012,"BG 2, Tract 1281.01, Los Angeles, CA",943,331
15000US060371281021,"BG 1, Tract 1281.02, Los Angeles, CA",2023,585
15000US060371281022,"BG 2, Tract 1281.02, Los Angeles, CA",1833,458
15000US060371281023,"BG 3, Tract 1281.02, Los Angeles, CA",1036,488
15000US060371282101,"BG 1, Tract 1282.10, Los Angeles, CA",3591,794
15000US060371282102,"BG 2, Tract 1282.10, Los Angeles, CA",1409,408
15000US060371282201,"BG 1, Tract 1282.20, Los Angeles, CA",1370,394
15000US060371282202,"BG 2, Tract 1282.20, Los Angeles, CA",1622,393
15000US060371283021,"BG 1, Tract 1283.02, Los Angeles, CA",2502,639
15000US060371283022,"BG 2, Tract 1283.02, Los Angeles, CA",2057,521
15000US060371283031,"BG 1, Tract 1283.03, Los Angeles, CA",1170,378
15000US060371283032,"BG 2, Tract 1283.03, Los Angeles, CA",2262,672
15000US060371284001,"BG 1, Tract 1284, Los Angeles, CA",689,209
15000US060371284002,"BG 2, Tract 1284, Los Angeles, CA",868,318
15000US060371284003,"BG 3, Tract 1284, Los Angeles, CA",1460,371
15000US060371284004,"BG 4, Tract 1284, Los Angeles, CA",1257,404
15000US060371285001,"BG 1, Tract 1285, Los Angeles, CA",855,220
15000US060371285002,"BG 2, Tract 1285, Los Angeles, CA",1365,468
15000US060371285003,"BG 3, Tract 1285, Los Angeles, CA",1012,376
15000US060371285004,"BG 4, Tract 1285, Los Angeles, CA",1169,327
15000US060371286011,"BG 1, Tract 1286.01, Los Angeles, CA",1260,388
15000US060371286012,"BG 2, Tract 1286.01, Los Angeles, CA",2318,927
15000US060371286013,"BG 3, Tract 1286.01, Los Angeles, CA",1264,455
15000US060371286021,"BG 1, Tract 1286.02, Los Angeles, CA",824,232
15000US060371286022,"BG 2, Tract 1286.02, Los Angeles, CA",710,238
15000US060371286023,"BG 3, Tract 1286.02, Los Angeles, CA",1153,337
15000US060371287031,"BG 1, Tract 1287.03, Los Angeles, CA",2161,500
15000US060371287032,"BG 2, Tract 1287.03, Los Angeles, CA",1415,695
15000US060371287041,"BG 1, Tract 1287.04, Los Angeles, CA",1304,320
15000US060371287042,"BG 2, Tract 1287.04, Los Angeles, CA",1024,316
15000US060371288011,"BG 1, Tract 1288.01, Los Angeles, CA",1530,286
15000US060371288012,"BG 2, Tract 1288.01, Los Angeles, CA",2334,633
15000US060371288021,"BG 1, Tract 1288.02, Los Angeles, CA",1161,447
15000US060371288022,"BG 2, Tract 1288.02, Los Angeles, CA",1376,403
15000US060371288023,"BG 3, Tract 1288.02, Los Angeles, CA",1780,458
15000US060371289101,"BG 1, Tract 1289.10, Los Angeles, CA",2005,469
15000US060371289102,"BG 2, Tract 1289.10, Los Angeles, CA",1114,299
15000US060371289103,"BG 3, Tract 1289.10, Los Angeles, CA",1409,403
15000US060371310211,"BG 1, Tract 1310.21, Los Angeles, CA",1794,648
15000US060371310212,"BG 2, Tract 1310.21, Los Angeles, CA",1443,311
15000US060371310221,"BG 1, Tract 1310.22, Los Angeles, CA",1105,372
15000US060371310222,"BG 2, Tract 1310.22, Los Angeles, CA",1772,422
15000US060371310231,"BG 1, Tract 1310.23, Los Angeles, CA",2655,333
15000US060371310241,"BG 1, Tract 1310.24, Los Angeles, CA",1271,415
15000US060371310242,"BG 2, Tract 1310.24, Los Angeles, CA",2623,1083
15000US060371311001,"BG 1, Tract 1311, Los Angeles, CA",1243,267
15000US060371311002,"BG 2, Tract 1311, Los Angeles, CA",772,290
15000US060371311003,"BG 3, Tract 1311, Los Angeles, CA",1002,415
15000US060371312001,"BG 1, Tract 1312, Los Angeles, CA",1329,331
15000US060371312002,"BG 2, Tract 1312, Los Angeles, CA",1395,612
15000US060371312003,"BG 3, Tract 1312, Los Angeles, CA",957,378
15000US060371313001,"BG 1, Tract 1313, Los Angeles, CA",1068,422
15000US060371313002,"BG 2, Tract 1313, Los Angeles, CA",777,276
15000US060371313003,"BG 3, Tract 1313, Los Angeles, CA",2471,785
15000US060371314001,"BG 1, Tract 1314, Los Angeles, CA",2068,490
15000US060371314002,"BG 2, Tract 1314, Los Angeles, CA",1199,477
15000US060371314003,"BG 3, Tract 1314, Los Angeles, CA",2628,936
15000US060371316001,"BG 1, Tract 1316, Los Angeles, CA",1629,581
15000US060371316002,"BG 2, Tract 1316, Los Angeles, CA",1002,456
15000US060371316003,"BG 3, Tract 1316, Los Angeles, CA",1302,586
15000US060371316004,"BG 4, Tract 1316, Los Angeles, CA",1009,614
15000US060371317011,"BG 1, Tract 1317.01, Los Angeles, CA",2457,694
15000US060371317012,"BG 2, Tract 1317.01, Los Angeles, CA",2420,558
15000US060371317021,"BG 1, Tract 1317.02, Los Angeles, CA",2598,588
15000US060371317022,"BG 2, Tract 1317.02, Los Angeles, CA",1071,481
15000US060371318011,"BG 1, Tract 1318.01, Los Angeles, CA",2879,502
15000US060371318021,"BG 1, Tract 1318.02, Los Angeles, CA",1359,358
15000US060371318022,"BG 2, Tract 1318.02, Los Angeles, CA",978,417
15000US060371319001,"BG 1, Tract 1319, Los Angeles, CA",784,368
15000US060371319002,"BG 2, Tract 1319, Los Angeles, CA",908,496
15000US060371319003,"BG 3, Tract 1319, Los Angeles, CA",1052,370
15000US060371319004,"BG 4, Tract 1319, Los Angeles, CA",1215,421
15000US060371320011,"BG 1, Tract 1320.01, Los Angeles, CA",1027,248
15000US060371320012,"BG 2, Tract 1320.01, Los Angeles, CA",472,204
15000US060371320013,"BG 3, Tract 1320.01, Los Angeles, CA",1215,329
15000US060371320021,"BG 1, Tract 1320.02, Los Angeles, CA",1654,788
15000US060371320022,"BG 2, Tract 1320.02, Los Angeles, CA",932,308
15000US060371320023,"BG 3, Tract 1320.02, Los Angeles, CA",999,285
15000US060371321011,"BG 1, Tract 1321.01, Los Angeles, CA",1260,334
15000US060371321012,"BG 2, Tract 1321.01, Los Angeles, CA",1701,1197
15000US060371321013,"BG 3, Tract 1321.01, Los Angeles, CA",1152,403
15000US060371321021,"BG 1, Tract 1321.02, Los Angeles, CA",957,625
15000US060371321022,"BG 2, Tract 1321.02, Los Angeles, CA",902,349
15000US060371321023,"BG 3, Tract 1321.02, Los Angeles, CA",3134,683
15000US060371323011,"BG 1, Tract 1323.01, Los Angeles, CA",1975,378
15000US060371323012,"BG 2, Tract 1323.01, Los Angeles, CA",1641,668
15000US060371323021,"BG 1, Tract 1323.02, Los Angeles, CA",1560,657
15000US060371323022,"BG 2, Tract 1323.02, Los Angeles, CA",1616,542
15000US060371325011,"BG 1, Tract 1325.01, Los Angeles, CA",2250,497
15000US060371325012,"BG 2, Tract 1325.01, Los Angeles, CA",2408,767
15000US060371325021,"BG 1, Tract 1325.02, Los Angeles, CA",2153,393
15000US060371325022,"BG 2, Tract 1325.02, Los Angeles, CA",1245,343
15000US060371327001,"BG 1, Tract 1327, Los Angeles, CA",1135,452
15000US060371327002,"BG 2, Tract 1327, Los Angeles, CA",1975,377
15000US060371327003,"BG 3, Tract 1327, Los Angeles, CA",1812,508
15000US060371329001,"BG 1, Tract 1329, Los Angeles, CA",1179,258
15000US060371329002,"BG 2, Tract 1329, Los Angeles, CA",2698,695
15000US060371330001,"BG 1, Tract 1330, Los Angeles, CA",1463,615
15000US060371330002,"BG 2, Tract 1330, Los Angeles, CA",2031,450
15000US060371330003,"BG 3, Tract 1330, Los Angeles, CA",602,272
15000US060371331011,"BG 1, Tract 1331.01, Los Angeles, CA",773,189
15000US060371331012,"BG 2, Tract 1331.01, Los Angeles, CA",936,195
15000US060371331021,"BG 1, Tract 1331.02, Los Angeles, CA",2628,593
15000US060371331022,"BG 2, Tract 1331.02, Los Angeles, CA",1298,411
15000US060371340011,"BG 1, Tract 1340.01, Los Angeles, CA",1000,325
15000US060371340012,"BG 2, Tract 1340.01, Los Angeles, CA",2457,518
15000US060371340021,"BG 1, Tract 1340.02, Los Angeles, CA",988,365
15000US060371340022,"BG 2, Tract 1340.02, Los Angeles, CA",3036,689
15000US060371341011,"BG 1, Tract 1341.01, Los Angeles, CA",1703,582
15000US060371341012,"BG 2, Tract 1341.01, Los Angeles, CA",2957,596
15000US060371341031,"BG 1, Tract 1341.03, Los Angeles, CA",2155,902
15000US060371341032,"BG 2, Tract 1341.03, Los Angeles, CA",2017,483
15000US060371341041,"BG 1, Tract 1341.04, Los Angeles, CA",2171,605
15000US060371341042,"BG 2, Tract 1341.04, Los Angeles, CA",1905,540
15000US060371342011,"BG 1, Tract 1342.01, Los Angeles, CA",1065,461
15000US060371342012,"BG 2, Tract 1342.01, Los Angeles, CA",565,294
15000US060371342013,"BG 3, Tract 1342.01, Los Angeles, CA",2432,898
15000US060371343021,"BG 1, Tract 1343.02, Los Angeles, CA",1382,419
15000US060371343022,"BG 2, Tract 1343.02, Los Angeles, CA",1549,403
15000US060371343023,"BG 3, Tract 1343.02, Los Angeles, CA",1480,520
15000US060371343031,"BG 1, Tract 1343.03, Los Angeles, CA",472,269
15000US060371343032,"BG 2, Tract 1343.03, Los Angeles, CA",1400,365
15000US060371343033,"BG 3, Tract 1343.03, Los Angeles, CA",1667,463
15000US060371343034,"BG 4, Tract 1343.03, Los Angeles, CA",1916,433
15000US060371343041,"BG 1, Tract 1343.04, Los Angeles, CA",1193,237
15000US060371343042,"BG 2, Tract 1343.04, Los Angeles, CA",1670,235
15000US060371343051,"BG 1, Tract 1343.05, Los Angeles, CA",1493,572
15000US060371343052,"BG 2, Tract 1343.05, Los Angeles, CA",688,289
15000US060371343053,"BG 3, Tract 1343.05, Los Angeles, CA",1512,473
15000US060371343061,"BG 1, Tract 1343.06, Los Angeles, CA",1673,638
15000US060371343062,"BG 2, Tract 1343.06, Los Angeles, CA",2026,430
15000US060371344211,"BG 1, Tract 1344.21, Los Angeles, CA",1865,570
15000US060371344212,"BG 2, Tract 1344.21, Los Angeles, CA",1433,499
15000US060371344213,"BG 3, Tract 1344.21, Los Angeles, CA",1103,319
15000US060371344221,"BG 1, Tract 1344.22, Los Angeles, CA",1066,315
15000US060371344222,"BG 2, Tract 1344.22, Los Angeles, CA",4013,669
15000US060371344231,"BG 1, Tract 1344.23, Los Angeles, CA",1669,366
15000US060371344232,"BG 2, Tract 1344.23, Los Angeles, CA",1748,314
15000US060371344241,"BG 1, Tract 1344.24, Los Angeles, CA",1622,310
15000US060371344242,"BG 2, Tract 1344.24, Los Angeles, CA",1213,252
15000US060371345201,"BG 1, Tract 1345.20, Los Angeles, CA",1490,566
15000US060371345202,"BG 2, Tract 1345.20, Los Angeles, CA",1190,493
15000US060371345203,"BG 3, Tract 1345.20, Los Angeles, CA",2498,482
15000US060371345211,"BG 1, Tract 1345.21, Los Angeles, CA",1325,326
15000US060371345212,"BG 2, Tract 1345.21, Los Angeles, CA",1411,328
15000US060371345221,"BG 1, Tract 1345.22, Los Angeles, CA",1009,344
15000US060371345222,"BG 2, Tract 1345.22, Los Angeles, CA",1732,532
15000US060371345223,"BG 3, Tract 1345.22, Los Angeles, CA",1780,852
15000US060371347101,"BG 1, Tract 1347.10, Los Angeles, CA",2509,504
15000US060371347102,"BG 2, Tract 1347.10, Los Angeles, CA",1486,500
15000US060371347103,"BG 3, Tract 1347.10, Los Angeles, CA",1309,432
15000US060371347201,"BG 1, Tract 1347.20, Los Angeles, CA",1832,595
15000US060371347202,"BG 2, Tract 1347.20, Los Angeles, CA",1922,445
15000US060371347203,"BG 3, Tract 1347.20, Los Angeles, CA",1791,646
15000US060371348011,"BG 1, Tract 1348.01, Los Angeles, CA",1601,320
15000US060371348012,"BG 2, Tract 1348.01, Los Angeles, CA",1350,515
15000US060371348021,"BG 1, Tract 1348.02, Los Angeles, CA",1665,498
15000US060371348022,"BG 2, Tract 1348.02, Los Angeles, CA",1458,611
15000US060371349011,"BG 1, Tract 1349.01, Los Angeles, CA",1026,218
15000US060371349012,"BG 2, Tract 1349.01, Los Angeles, CA",984,365
15000US060371349013,"BG 3, Tract 1349.01, Los Angeles, CA",459,216
15000US060371349041,"BG 1, Tract 1349.04, Los Angeles, CA",1214,358
15000US060371349042,"BG 2, Tract 1349.04, Los Angeles, CA",1592,461
15000US060371349043,"BG 3, Tract 1349.04, Los Angeles, CA",2060,1100
15000US060371349051,"BG 1, Tract 1349.05, Los Angeles, CA",4672,888
15000US060371349052,"BG 2, Tract 1349.05, Los Angeles, CA",1374,569
15000US060371349061,"BG 1, Tract 1349.06, Los Angeles, CA",1163,421
15000US060371349062,"BG 2, Tract 1349.06, Los Angeles, CA",1770,544
15000US060371349071,"BG 1, Tract 1349.07, Los Angeles, CA",1202,318
15000US060371349072,"BG 2, Tract 1349.07, Los Angeles, CA",2652,1079
15000US060371351021,"BG 1, Tract 1351.02, Los Angeles, CA",1274,319
15000US060371351022,"BG 2, Tract 1351.02, Los Angeles, CA",1159,365
15000US060371351023,"BG 3, Tract 1351.02, Los Angeles, CA",1415,394
15000US060371351111,"BG 1, Tract 1351.11, Los Angeles, CA",1671,994
15000US060371351112,"BG 2, Tract 1351.11, Los Angeles, CA",806,263
15000US060371351113,"BG 3, Tract 1351.11, Los Angeles, CA",1330,482
15000US060371351131,"BG 1, Tract 1351.13, Los Angeles, CA",1429,334
15000US060371351132,"BG 2, Tract 1351.13, Los Angeles, CA",1551,413
15000US060371351151,"BG 1, Tract 1351.15, Los Angeles, CA",1827,526
15000US060371351152,"BG 2, Tract 1351.15, Los Angeles, CA",2094,496
15000US060371351161,"BG 1, Tract 1351.16, Los Angeles, CA",759,334
15000US060371351162,"BG 2, Tract 1351.16, Los Angeles, CA",748,132
15000US060371352011,"BG 1, Tract 1352.01, Los Angeles, CA",2174,487
15000US060371352012,"BG 2, Tract 1352.01, Los Angeles, CA",825,230
15000US060371352021,"BG 1, Tract 1352.02, Los Angeles, CA",1483,570
15000US060371352022,"BG 2, Tract 1352.02, Los Angeles, CA",1536,563
15000US060371352023,"BG 3, Tract 1352.02, Los Angeles, CA",1726,401
15000US060371352041,"BG 1, Tract 1352.04, Los Angeles, CA",1589,453
15000US060371352042,"BG 2, Tract 1352.04, Los Angeles, CA",1137,492
15000US060371352043,"BG 3, Tract 1352.04, Los Angeles, CA",1939,788
15000US060371352051,"BG 1, Tract 1352.05, Los Angeles, CA",1048,249
15000US060371352052,"BG 2, Tract 1352.05, Los Angeles, CA",826,288
15000US060371370001,"BG 1, Tract 1370, Los Angeles, CA",2066,389
15000US060371370002,"BG 2, Tract 1370, Los Angeles, CA",2757,626
15000US060371371031,"BG 1, Tract 1371.03, Los Angeles, CA",1094,353
15000US060371371032,"BG 2, Tract 1371.03, Los Angeles, CA",1321,533
15000US060371371033,"BG 3, Tract 1371.03, Los Angeles, CA",1351,540
15000US060371371034,"BG 4, Tract 1371.03, Los Angeles, CA",1334,439
15000US060371371041,"BG 1, Tract 1371.04, Los Angeles, CA",1133,302
15000US060371371042,"BG 2, Tract 1371.04, Los Angeles, CA",1100,380
15000US060371372021,"BG 1, Tract 1372.02, Los Angeles, CA",351,181
15000US060371372022,"BG 2, Tract 1372.02, Los Angeles, CA",2075,437
15000US060371372023,"BG 3, Tract 1372.02, Los Angeles, CA",942,478
15000US060371372031,"BG 1, Tract 1372.03, Los Angeles, CA",641,237
15000US060371372032,"BG 2, Tract 1372.03, Los Angeles, CA",1954,682
15000US060371373011,"BG 1, Tract 1373.01, Los Angeles, CA",2182,455
15000US060371373021,"BG 1, Tract 1373.02, Los Angeles, CA",1742,386
15000US060371373022,"BG 2, Tract 1373.02, Los Angeles, CA",2822,418
15000US060371374011,"BG 1, Tract 1374.01, Los Angeles, CA",1101,307
15000US060371374012,"BG 2, Tract 1374.01, Los Angeles, CA",1339,342
15000US060371374013,"BG 3, Tract 1374.01, Los Angeles, CA",2233,576
15000US060371374021,"BG 1, Tract 1374.02, Los Angeles, CA",1737,494
15000US060371374022,"BG 2, Tract 1374.02, Los Angeles, CA",1438,768
15000US060371374023,"BG 3, Tract 1374.02, Los Angeles, CA",2730,1019
15000US060371375011,"BG 1, Tract 1375.01, Los Angeles, CA",942,375
15000US060371375012,"BG 2, Tract 1375.01, Los Angeles, CA",2778,688
15000US060371375013,"BG 3, Tract 1375.01, Los Angeles, CA",1775,403
15000US060371375021,"BG 1, Tract 1375.02, Los Angeles, CA",1102,452
15000US060371375022,"BG 2, Tract 1375.02, Los Angeles, CA",1946,427
15000US060371375023,"BG 3, Tract 1375.02, Los Angeles, CA",1534,355
15000US060371375041,"BG 1, Tract 1375.04, Los Angeles, CA",1889,286
15000US060371380001,"BG 1, Tract 1380, Los Angeles, CA",1617,365
15000US060371380002,"BG 2, Tract 1380, Los Angeles, CA",1002,352
15000US060371380003,"BG 3, Tract 1380, Los Angeles, CA",2158,542
15000US060371390011,"BG 1, Tract 1390.01, Los Angeles, CA",1259,349
15000US060371390012,"BG 2, Tract 1390.01, Los Angeles, CA",1581,453
15000US060371390013,"BG 3, Tract 1390.01, Los Angeles, CA",1431,569
15000US060371390014,"BG 4, Tract 1390.01, Los Angeles, CA",1244,566
15000US060371392001,"BG 1, Tract 1392, Los Angeles, CA",1264,524
15000US060371392002,"BG 2, Tract 1392, Los Angeles, CA",1217,575
15000US060371392003,"BG 3, Tract 1392, Los Angeles, CA",904,373
15000US060371392004,"BG 4, Tract 1392, Los Angeles, CA",2373,671
15000US060371393011,"BG 1, Tract 1393.01, Los Angeles, CA",1370,383
15000US060371393012,"BG 2, Tract 1393.01, Los Angeles, CA",696,274
15000US060371393013,"BG 3, Tract 1393.01, Los Angeles, CA",2071,619
15000US060371393021,"BG 1, Tract 1393.02, Los Angeles, CA",2025,590
15000US060371393022,"BG 2, Tract 1393.02, Los Angeles, CA",1804,436
15000US060371393023,"BG 3, Tract 1393.02, Los Angeles, CA",1172,436
15000US060371393031,"BG 1, Tract 1393.03, Los Angeles, CA",1598,416
15000US060371393032,"BG 2, Tract 1393.03, Los Angeles, CA",1238,355
15000US060371393033,"BG 3, Tract 1393.03, Los Angeles, CA",1971,496
15000US060371394011,"BG 1, Tract 1394.01, Los Angeles, CA",650,266
15000US060371394012,"BG 2, Tract 1394.01, Los Angeles, CA",1781,336
15000US060371394021,"BG 1, Tract 1394.02, Los Angeles, CA",1012,203
15000US060371394022,"BG 2, Tract 1394.02, Los Angeles, CA",1034,369
15000US060371394023,"BG 3, Tract 1394.02, Los Angeles, CA",788,377
15000US060371395021,"BG 1, Tract 1395.02, Los Angeles, CA",2076,439
15000US060371395022,"BG 2, Tract 1395.02, Los Angeles, CA",1239,273
15000US060371395041,"BG 1, Tract 1395.04, Los Angeles, CA",2521,496
15000US060371395042,"BG 2, Tract 1395.04, Los Angeles, CA",1243,331
15000US060371395051,"BG 1, Tract 1395.05, Los Angeles, CA",1057,265
15000US060371395052,"BG 2, Tract 1395.05, Los Angeles, CA",1455,495
15000US060371395061,"BG 1, Tract 1395.06, Los Angeles, CA",1147,302
15000US060371395062,"BG 2, Tract 1395.06, Los Angeles, CA",1962,811
15000US060371396001,"BG 1, Tract 1396, Los Angeles, CA",2362,640
15000US060371396002,"BG 2, Tract 1396, Los Angeles, CA",1918,618
15000US060371396003,"BG 3, Tract 1396, Los Angeles, CA",884,394
15000US060371397011,"BG 1, Tract 1397.01, Los Angeles, CA",565,291
15000US060371397012,"BG 2, Tract 1397.01, Los Angeles, CA",2034,608
15000US060371397013,"BG 3, Tract 1397.01, Los Angeles, CA",1184,528
15000US060371397014,"BG 4, Tract 1397.01, Los Angeles, CA",1207,523
15000US060371397015,"BG 5, Tract 1397.01, Los Angeles, CA",645,211
15000US060371397031,"BG 1, Tract 1397.03, Los Angeles, CA",2554,330
15000US060371397041,"BG 1, Tract 1397.04, Los Angeles, CA",2871,564
15000US060371397051,"BG 1, Tract 1397.05, Los Angeles, CA",1378,516
15000US060371397052,"BG 2, Tract 1397.05, Los Angeles, CA",1430,598
15000US060371397053,"BG 3, Tract 1397.05, Los Angeles, CA",1203,319
15000US060371398011,"BG 1, Tract 1398.01, Los Angeles, CA",1226,335
15000US060371398012,"BG 2, Tract 1398.01, Los Angeles, CA",2288,439
15000US060371398021,"BG 1, Tract 1398.02, Los Angeles, CA",1735,465
15000US060371398022,"BG 2, Tract 1398.02, Los Angeles, CA",2097,450
15000US060371411011,"BG 1, Tract 1411.01, Los Angeles, CA",1678,570
15000US060371411012,"BG 2, Tract 1411.01, Los Angeles, CA",1948,509
15000US060371411013,"BG 3, Tract 1411.01, Los Angeles, CA",1065,346
15000US060371411021,"BG 1, Tract 1411.02, Los Angeles, CA",991,309
15000US060371411022,"BG 2, Tract 1411.02, Los Angeles, CA",1968,327
15000US060371412011,"BG 1, Tract 1412.01, Los Angeles, CA",1765,464
15000US060371412012,"BG 2, Tract 1412.01, Los Angeles, CA",1542,341
15000US060371412013,"BG 3, Tract 1412.01, Los Angeles, CA",647,218
15000US060371412021,"BG 1, Tract 1412.02, Los Angeles, CA",739,222
15000US060371412022,"BG 2, Tract 1412.02, Los Angeles, CA",1496,522
15000US060371412023,"BG 3, Tract 1412.02, Los Angeles, CA",876,217
15000US060371413031,"BG 1, Tract 1413.03, Los Angeles, CA",1656,385
15000US060371413032,"BG 2, Tract 1413.03, Los Angeles, CA",1399,353
15000US060371413041,"BG 1, Tract 1413.04, Los Angeles, CA",1804,665
15000US060371413042,"BG 2, Tract 1413.04, Los Angeles, CA",1143,278
15000US060371413051,"BG 1, Tract 1413.05, Los Angeles, CA",1738,409
15000US060371413052,"BG 2, Tract 1413.05, Los Angeles, CA",1175,375
15000US060371413061,"BG 1, Tract 1413.06, Los Angeles, CA",1190,561
15000US060371413062,"BG 2, Tract 1413.06, Los Angeles, CA",2032,464
15000US060371414001,"BG 1, Tract 1414, Los Angeles, CA",1728,557
15000US060371414002,"BG 2, Tract 1414, Los Angeles, CA",1535,615
15000US060371414003,"BG 3, Tract 1414, Los Angeles, CA",1758,459
15000US060371415001,"BG 1, Tract 1415, Los Angeles, CA",2887,678
15000US060371416001,"BG 1, Tract 1416, Los Angeles, CA",1496,326
15000US060371416002,"BG 2, Tract 1416, Los Angeles, CA",1200,422
15000US060371416003,"BG 3, Tract 1416, Los Angeles, CA",1339,321
15000US060371417001,"BG 1, Tract 1417, Los Angeles, CA",828,260
15000US060371417002,"BG 2, Tract 1417, Los Angeles, CA",1623,391
15000US060371417003,"BG 3, Tract 1417, Los Angeles, CA",635,320
15000US060371431011,"BG 1, Tract 1431.01, Los Angeles, CA",846,510
15000US060371431012,"BG 2, Tract 1431.01, Los Angeles, CA",1370,237
15000US060371431021,"BG 1, Tract 1431.02, Los Angeles, CA",2174,289
15000US060371432001,"BG 1, Tract 1432, Los Angeles, CA",2174,563
15000US060371432002,"BG 2, Tract 1432, Los Angeles, CA",934,333
15000US060371432003,"BG 3, Tract 1432, Los Angeles, CA",1107,337
15000US060371433011,"BG 1, Tract 1433.01, Los Angeles, CA",570,289
15000US060371433012,"BG 2, Tract 1433.01, Los Angeles, CA",2703,748
15000US060371433021,"BG 1, Tract 1433.02, Los Angeles, CA",567,309
15000US060371433022,"BG 2, Tract 1433.02, Los Angeles, CA",1479,368
15000US060371433023,"BG 3, Tract 1433.02, Los Angeles, CA",1255,338
15000US060371434011,"BG 1, Tract 1434.01, Los Angeles, CA",2878,517
15000US060371434012,"BG 2, Tract 1434.01, Los Angeles, CA",800,290
15000US060371434013,"BG 3, Tract 1434.01, Los Angeles, CA",1622,558
15000US060371434021,"BG 1, Tract 1434.02, Los Angeles, CA",1714,487
15000US060371434022,"BG 2, Tract 1434.02, Los Angeles, CA",245,111
15000US060371435001,"BG 1, Tract 1435, Los Angeles, CA",1196,390
15000US060371435002,"BG 2, Tract 1435, Los Angeles, CA",1186,569
15000US060371435003,"BG 3, Tract 1435, Los Angeles, CA",1718,416
15000US060371435004,"BG 4, Tract 1435, Los Angeles, CA",1225,432
15000US060371436021,"BG 1, Tract 1436.02, Los Angeles, CA",917,254
15000US060371436022,"BG 2, Tract 1436.02, Los Angeles, CA",2648,863
15000US060371436023,"BG 3, Tract 1436.02, Los Angeles, CA",1251,338
15000US060371436031,"BG 1, Tract 1436.03, Los Angeles, CA",1784,304
15000US060371436032,"BG 2, Tract 1436.03, Los Angeles, CA",668,203
15000US060371436051,"BG 1, Tract 1436.05, Los Angeles, CA",1899,278
15000US060371436061,"BG 1, Tract 1436.06, Los Angeles, CA",1759,303
15000US060371437001,"BG 1, Tract 1437, Los Angeles, CA",1111,379
15000US060371437002,"BG 2, Tract 1437, Los Angeles, CA",1063,271
15000US060371437003,"BG 3, Tract 1437, Los Angeles, CA",1206,305
15000US060371438011,"BG 1, Tract 1438.01, Los Angeles, CA",2008,437
15000US060371438012,"BG 2, Tract 1438.01, Los Angeles, CA",1193,466
15000US060371438021,"BG 1, Tract 1438.02, Los Angeles, CA",720,194
15000US060371438022,"BG 2, Tract 1438.02, Los Angeles, CA",1553,374
15000US060371439011,"BG 1, Tract 1439.01, Los Angeles, CA",951,405
15000US060371439012,"BG 2, Tract 1439.01, Los Angeles, CA",1633,442
15000US060371439013,"BG 3, Tract 1439.01, Los Angeles, CA",1471,253
15000US060371439021,"BG 1, Tract 1439.02, Los Angeles, CA",1662,360
15000US060371439022,"BG 2, Tract 1439.02, Los Angeles, CA",1505,234
15000US060371810001,"BG 1, Tract 1810, Los Angeles, CA",719,305
15000US060371810002,"BG 2, Tract 1810, Los Angeles, CA",1412,409
15000US060371810003,"BG 3, Tract 1810, Los Angeles, CA",895,336
15000US060371810004,"BG 4, Tract 1810, Los Angeles, CA",758,274
15000US060371810005,"BG 5, Tract 1810, Los Angeles, CA",1804,707
15000US060371813001,"BG 1, Tract 1813, Los Angeles, CA",1341,395
15000US060371813002,"BG 2, Tract 1813, Los Angeles, CA",838,251
15000US060371813003,"BG 3, Tract 1813, Los Angeles, CA",1874,399
15000US060371814001,"BG 1, Tract 1814, Los Angeles, CA",1358,343
15000US060371814002,"BG 2, Tract 1814, Los Angeles, CA",1409,588
15000US060371814003,"BG 3, Tract 1814, Los Angeles, CA",1696,270
15000US060371815001,"BG 1, Tract 1815, Los Angeles, CA",1084,507
15000US060371815002,"BG 2, Tract 1815, Los Angeles, CA",1626,342
15000US060371815003,"BG 3, Tract 1815, Los Angeles, CA",1304,437
15000US060371816001,"BG 1, Tract 1816, Los Angeles, CA",2569,218
15000US060371816002,"BG 2, Tract 1816, Los Angeles, CA",1639,440
15000US060371831011,"BG 1, Tract 1831.01, Los Angeles, CA",602,298
15000US060371831012,"BG 2, Tract 1831.01, Los Angeles, CA",1241,341
15000US060371831013,"BG 3, Tract 1831.01, Los Angeles, CA",1119,339
15000US060371831031,"BG 1, Tract 1831.03, Los Angeles, CA",2502,742
15000US060371831032,"BG 2, Tract 1831.03, Los Angeles, CA",1922,380
15000US060371831041,"BG 1, Tract 1831.04, Los Angeles, CA",1940,169
15000US060371832201,"BG 1, Tract 1832.20, Los Angeles, CA",540,166
15000US060371832202,"BG 2, Tract 1832.20, Los Angeles, CA",1170,328
15000US060371832203,"BG 3, Tract 1832.20, Los Angeles, CA",1244,383
15000US060371832211,"BG 1, Tract 1832.21, Los Angeles, CA",560,247
15000US060371832212,"BG 2, Tract 1832.21, Los Angeles, CA",2632,606
15000US060371832221,"BG 1, Tract 1832.22, Los Angeles, CA",887,324
15000US060371832222,"BG 2, Tract 1832.22, Los Angeles, CA",1452,465
15000US060371832223,"BG 3, Tract 1832.22, Los Angeles, CA",1120,361
15000US060371833001,"BG 1, Tract 1833, Los Angeles, CA",928,272
15000US060371833002,"BG 2, Tract 1833, Los Angeles, CA",1032,405
15000US060371833003,"BG 3, Tract 1833, Los Angeles, CA",1180,355
15000US060371834011,"BG 1, Tract 1834.01, Los Angeles, CA",1683,510
15000US060371834012,"BG 2, Tract 1834.01, Los Angeles, CA",909,267
15000US060371834021,"BG 1, Tract 1834.02, Los Angeles, CA",1116,306
15000US060371834022,"BG 2, Tract 1834.02, Los Angeles, CA",2059,524
15000US060371835101,"BG 1, Tract 1835.10, Los Angeles, CA",976,248
15000US060371835102,"BG 2, Tract 1835.10, Los Angeles, CA",1456,304
15000US060371835201,"BG 1, Tract 1835.20, Los Angeles, CA",1491,426
15000US060371835202,"BG 2, Tract 1835.20, Los Angeles, CA",2001,621
15000US060371836101,"BG 1, Tract 1836.10, Los Angeles, CA",991,297
15000US060371836102,"BG 2, Tract 1836.10, Los Angeles, CA",1835,291
15000US060371836201,"BG 1, Tract 1836.20, Los Angeles, CA",2502,392
15000US060371836202,"BG 2, Tract 1836.20, Los Angeles, CA",565,285
15000US060371837011,"BG 1, Tract 1837.01, Los Angeles, CA",1112,284
15000US060371837012,"BG 2, Tract 1837.01, Los Angeles, CA",1031,334
15000US060371837013,"BG 3, Tract 1837.01, Los Angeles, CA",1302,456
15000US060371837021,"BG 1, Tract 1837.02, Los Angeles, CA",1981,485
15000US060371837022,"BG 2, Tract 1837.02, Los Angeles, CA",1026,230
15000US060371838101,"BG 1, Tract 1838.10, Los Angeles, CA",1795,422
15000US060371838102,"BG 2, Tract 1838.10, Los Angeles, CA",2344,512
15000US060371838201,"BG 1, Tract 1838.20, Los Angeles, CA",1939,537
15000US060371838202,"BG 2, Tract 1838.20, Los Angeles, CA",1634,363
15000US060371851011,"BG 1, Tract 1851.01, Los Angeles, CA",847,348
15000US060371851012,"BG 2, Tract 1851.01, Los Angeles, CA",1561,322
15000US060371851021,"BG 1, Tract 1851.02, Los Angeles, CA",1287,261
15000US060371851022,"BG 2, Tract 1851.02, Los Angeles, CA",2216,807
15000US060371852021,"BG 1, Tract 1852.02, Los Angeles, CA",1059,603
15000US060371852022,"BG 2, Tract 1852.02, Los Angeles, CA",2023,628
15000US060371852023,"BG 3, Tract 1852.02, Los Angeles, CA",1017,270
15000US060371852031,"BG 1, Tract 1852.03, Los Angeles, CA",1170,229
15000US060371852032,"BG 2, Tract 1852.03, Los Angeles, CA",1327,315
15000US060371852041,"BG 1, Tract 1852.04, Los Angeles, CA",1394,184
15000US060371852042,"BG 2, Tract 1852.04, Los Angeles, CA",494,137
15000US060371853101,"BG 1, Tract 1853.10, Los Angeles, CA",1200,260
15000US060371853102,"BG 2, Tract 1853.10, Los Angeles, CA",1671,473
15000US060371853201,"BG 1, Tract 1853.20, Los Angeles, CA",1692,379
15000US060371853202,"BG 2, Tract 1853.20, Los Angeles, CA",1179,277
15000US060371861001,"BG 1, Tract 1861, Los Angeles, CA",857,235
15000US060371861002,"BG 2, Tract 1861, Los Angeles, CA",1272,342
15000US060371861003,"BG 3, Tract 1861, Los Angeles, CA",1701,416
15000US060371861004,"BG 4, Tract 1861, Los Angeles, CA",803,336
15000US060371862011,"BG 1, Tract 1862.01, Los Angeles, CA",932,299
15000US060371862012,"BG 2, Tract 1862.01, Los Angeles, CA",2442,850
15000US060371862021,"BG 1, Tract 1862.02, Los Angeles, CA",592,116
15000US060371862022,"BG 2, Tract 1862.02, Los Angeles, CA",1216,288
15000US060371862031,"BG 1, Tract 1862.03, Los Angeles, CA",1478,290
15000US060371862032,"BG 2, Tract 1862.03, Los Angeles, CA",1275,365
15000US060371863011,"BG 1, Tract 1863.01, Los Angeles, CA",1036,264
15000US060371863012,"BG 2, Tract 1863.01, Los Angeles, CA",699,233
15000US060371863013,"BG 3, Tract 1863.01, Los Angeles, CA",994,236
15000US060371863021,"BG 1, Tract 1863.02, Los Angeles, CA",1478,361
15000US060371863022,"BG 2, Tract 1863.02, Los Angeles, CA",1452,431
15000US060371863023,"BG 3, Tract 1863.02, Los Angeles, CA",1789,573
15000US060371864011,"BG 1, Tract 1864.01, Los Angeles, CA",2098,383
15000US060371864012,"BG 2, Tract 1864.01, Los Angeles, CA",850,457
15000US060371864031,"BG 1, Tract 1864.03, Los Angeles, CA",1211,382
15000US060371864032,"BG 2, Tract 1864.03, Los Angeles, CA",1322,264
15000US060371864041,"BG 1, Tract 1864.04, Los Angeles, CA",1463,283
15000US060371864042,"BG 2, Tract 1864.04, Los Angeles, CA",1065,420
15000US060371871011,"BG 1, Tract 1871.01, Los Angeles, CA",1221,321
15000US060371871012,"BG 2, Tract 1871.01, Los Angeles, CA",1893,317
15000US060371871021,"BG 1, Tract 1871.02, Los Angeles, CA",1195,567
15000US060371871022,"BG 2, Tract 1871.02, Los Angeles, CA",3299,699
15000US060371872001,"BG 1, Tract 1872, Los Angeles, CA",1512,404
15000US060371872002,"BG 2, Tract 1872, Los Angeles, CA",1396,444
15000US060371873001,"BG 1, Tract 1873, Los Angeles, CA",1872,335
15000US060371873002,"BG 2, Tract 1873, Los Angeles, CA",1948,496
15000US060371881001,"BG 1, Tract 1881, Los Angeles, CA",1752,453
15000US060371881002,"BG 2, Tract 1881, Los Angeles, CA",917,242
15000US060371881003,"BG 3, Tract 1881, Los Angeles, CA",1087,466
15000US060371882011,"BG 1, Tract 1882.01, Los Angeles, CA",1384,254
15000US060371882012,"BG 2, Tract 1882.01, Los Angeles, CA",568,146
15000US060371882013,"BG 3, Tract 1882.01, Los Angeles, CA",887,173
15000US060371882021,"BG 1, Tract 1882.02, Los Angeles, CA",1254,352
15000US060371882022,"BG 2, Tract 1882.02, Los Angeles, CA",973,387
15000US060371882023,"BG 3, Tract 1882.02, Los Angeles, CA",816,345
15000US060371883001,"BG 1, Tract 1883, Los Angeles, CA",839,188
15000US060371883002,"BG 2, Tract 1883, Los Angeles, CA",1292,475
15000US060371883003,"BG 3, Tract 1883, Los Angeles, CA",1097,310
15000US060371891011,"BG 1, Tract 1891.01, Los Angeles, CA",1109,235
15000US060371891012,"BG 2, Tract 1891.01, Los Angeles, CA",653,175
15000US060371891013,"BG 3, Tract 1891.01, Los Angeles, CA",699,219
15000US060371891021,"BG 1, Tract 1891.02, Los Angeles, CA",1366,364
15000US060371891022,"BG 2, Tract 1891.02, Los Angeles, CA",985,210
15000US060371891023,"BG 3, Tract 1891.02, Los Angeles, CA",1446,304
15000US060371892011,"BG 1, Tract 1892.01, Los Angeles, CA",1584,330
15000US060371892012,"BG 2, Tract 1892.01, Los Angeles, CA",1195,283
15000US060371892021,"BG 1, Tract 1892.02, Los Angeles, CA",1036,316
15000US060371892022,"BG 2, Tract 1892.02, Los Angeles, CA",687,272
15000US060371892023,"BG 3, Tract 1892.02, Los Angeles, CA",1444,452
15000US060371893001,"BG 1, Tract 1893, Los Angeles, CA",1014,356
15000US060371893002,"BG 2, Tract 1893, Los Angeles, CA",1118,335
15000US060371893003,"BG 3, Tract 1893, Los Angeles, CA",622,215
15000US060371894001,"BG 1, Tract 1894, Los Angeles, CA",1358,343
15000US060371894002,"BG 2, Tract 1894, Los Angeles, CA",509,176
15000US060371894003,"BG 3, Tract 1894, Los Angeles, CA",1144,423
15000US060371895011,"BG 1, Tract 1895.01, Los Angeles, CA",739,204
15000US060371895012,"BG 2, Tract 1895.01, Los Angeles, CA",1475,404
15000US060371895021,"BG 1, Tract 1895.02, Los Angeles, CA",1008,209
15000US060371895022,"BG 2, Tract 1895.02, Los Angeles, CA",834,241
15000US060371896001,"BG 1, Tract 1896, Los Angeles, CA",1678,350
15000US060371896002,"BG 2, Tract 1896, Los Angeles, CA",862,239
15000US060371896003,"BG 3, Tract 1896, Los Angeles, CA",1118,516
15000US060371897021,"BG 1, Tract 1897.02, Los Angeles, CA",895,306
15000US060371897022,"BG 2, Tract 1897.02, Los Angeles, CA",1498,418
15000US060371897031,"BG 1, Tract 1897.03, Los Angeles, CA",995,216
15000US060371897032,"BG 2, Tract 1897.03, Los Angeles, CA",998,303
15000US060371897041,"BG 1, Tract 1897.04, Los Angeles, CA",562,221
15000US060371897042,"BG 2, Tract 1897.04, Los Angeles, CA",1537,536
15000US060371898011,"BG 1, Tract 1898.01, Los Angeles, CA",1376,269
15000US060371898012,"BG 2, Tract 1898.01, Los Angeles, CA",816,257
15000US060371898021,"BG 1, Tract 1898.02, Los Angeles, CA",1121,318
15000US060371898022,"BG 2, Tract 1898.02, Los Angeles, CA",858,202
15000US060371899031,"BG 1, Tract 1899.03, Los Angeles, CA",803,173
15000US060371899032,"BG 2, Tract 1899.03, Los Angeles, CA",1388,261
15000US060371899041,"BG 1, Tract 1899.04, Los Angeles, CA",1458,353
15000US060371899042,"BG 2, Tract 1899.04, Los Angeles, CA",974,259
15000US060371899051,"BG 1, Tract 1899.05, Los Angeles, CA",1074,596
15000US060371899052,"BG 2, Tract 1899.05, Los Angeles, CA",1347,255
15000US060371899061,"BG 1, Tract 1899.06, Los Angeles, CA",1337,368
15000US060371899062,"BG 2, Tract 1899.06, Los Angeles, CA",1154,257
15000US060371899071,"BG 1, Tract 1899.07, Los Angeles, CA",1454,859
15000US060371899072,"BG 2, Tract 1899.07, Los Angeles, CA",1089,180
15000US060371901011,"BG 1, Tract 1901.01, Los Angeles, CA",946,369
15000US060371901012,"BG 2, Tract 1901.01, Los Angeles, CA",653,169
15000US060371901021,"BG 1, Tract 1901.02, Los Angeles, CA",1397,553
15000US060371901022,"BG 2, Tract 1901.02, Los Angeles, CA",852,326
15000US060371902011,"BG 1, Tract 1902.01, Los Angeles, CA",2119,549
15000US060371902012,"BG 2, Tract 1902.01, Los Angeles, CA",1554,423
15000US060371902021,"BG 1, Tract 1902.02, Los Angeles, CA",785,243
15000US060371902022,"BG 2, Tract 1902.02, Los Angeles, CA",980,298
15000US060371902023,"BG 3, Tract 1902.02, Los Angeles, CA",955,368
15000US060371903021,"BG 1, Tract 1903.02, Los Angeles, CA",1416,522
15000US060371903022,"BG 2, Tract 1903.02, Los Angeles, CA",1295,293
15000US060371903031,"BG 1, Tract 1903.03, Los Angeles, CA",1827,432
15000US060371903032,"BG 2, Tract 1903.03, Los Angeles, CA",717,151
15000US060371904011,"BG 1, Tract 1904.01, Los Angeles, CA",1024,287
15000US060371904012,"BG 2, Tract 1904.01, Los Angeles, CA",1107,434
15000US060371904013,"BG 3, Tract 1904.01, Los Angeles, CA",653,174
15000US060371904021,"BG 1, Tract 1904.02, Los Angeles, CA",1548,249
15000US060371904022,"BG 2, Tract 1904.02, Los Angeles, CA",871,245
15000US060371905101,"BG 1, Tract 1905.10, Los Angeles, CA",2559,573
15000US060371905102,"BG 2, Tract 1905.10, Los Angeles, CA",1325,338
15000US060371905201,"BG 1, Tract 1905.20, Los Angeles, CA",1133,465
15000US060371905202,"BG 2, Tract 1905.20, Los Angeles, CA",2329,476
15000US060371907011,"BG 1, Tract 1907.01, Los Angeles, CA",705,196
15000US060371907012,"BG 2, Tract 1907.01, Los Angeles, CA",938,269
15000US060371907021,"BG 1, Tract 1907.02, Los Angeles, CA",807,290
15000US060371907022,"BG 2, Tract 1907.02, Los Angeles, CA",605,125
15000US060371908011,"BG 1, Tract 1908.01, Los Angeles, CA",1757,248
15000US060371908012,"BG 2, Tract 1908.01, Los Angeles, CA",1316,342
15000US060371908021,"BG 1, Tract 1908.02, Los Angeles, CA",1684,406
15000US060371908022,"BG 2, Tract 1908.02, Los Angeles, CA",755,254
15000US060371908023,"BG 3, Tract 1908.02, Los Angeles, CA",534,233
15000US060371909011,"BG 1, Tract 1909.01, Los Angeles, CA",456,203
15000US060371909012,"BG 2, Tract 1909.01, Los Angeles, CA",1594,386
15000US060371909013,"BG 3, Tract 1909.01, Los Angeles, CA",1370,425
15000US060371909021,"BG 1, Tract 1909.02, Los Angeles, CA",1630,518
15000US060371909022,"BG 2, Tract 1909.02, Los Angeles, CA",1695,363
15000US060371909023,"BG 3, Tract 1909.02, Los Angeles, CA",600,222
15000US060371910001,"BG 1, Tract 1910, Los Angeles, CA",1010,331
15000US060371910002,"BG 2, Tract 1910, Los Angeles, CA",2151,592
15000US060371910003,"BG 3, Tract 1910, Los Angeles, CA",2174,650
15000US060371911101,"BG 1, Tract 1911.10, Los Angeles, CA",2656,259
15000US060371911102,"BG 2, Tract 1911.10, Los Angeles, CA",1152,463
15000US060371911201,"BG 1, Tract 1911.20, Los Angeles, CA",1931,418
15000US060371911202,"BG 2, Tract 1911.20, Los Angeles, CA",1845,496
15000US060371912011,"BG 1, Tract 1912.01, Los Angeles, CA",2068,437
15000US060371912012,"BG 2, Tract 1912.01, Los Angeles, CA",3654,494
15000US060371912031,"BG 1, Tract 1912.03, Los Angeles, CA",1350,226
15000US060371912032,"BG 2, Tract 1912.03, Los Angeles, CA",660,316
15000US060371912041,"BG 1, Tract 1912.04, Los Angeles, CA",1532,241
15000US060371913011,"BG 1, Tract 1913.01, Los Angeles, CA",1130,324
15000US060371913012,"BG 2, Tract 1913.01, Los Angeles, CA",947,160
15000US060371913021,"BG 1, Tract 1913.02, Los Angeles, CA",755,213
15000US060371913022,"BG 2, Tract 1913.02, Los Angeles, CA",1070,254
15000US060371914101,"BG 1, Tract 1914.10, Los Angeles, CA",1564,320
15000US060371914102,"BG 2, Tract 1914.10, Los Angeles, CA",1799,322
15000US060371914201,"BG 1, Tract 1914.20, Los Angeles, CA",2297,1080
15000US060371914202,"BG 2, Tract 1914.20, Los Angeles, CA",768,297
15000US060371915001,"BG 1, Tract 1915, Los Angeles, CA",1179,399
15000US060371915002,"BG 2, Tract 1915, Los Angeles, CA",1787,459
15000US060371915003,"BG 3, Tract 1915, Los Angeles, CA",2525,700
15000US060371916101,"BG 1, Tract 1916.10, Los Angeles, CA",1731,431
15000US060371916102,"BG 2, Tract 1916.10, Los Angeles, CA",1922,474
15000US060371916201,"BG 1, Tract 1916.20, Los Angeles, CA",2773,647
15000US060371917101,"BG 1, Tract 1917.10, Los Angeles, CA",756,268
15000US060371917102,"BG 2, Tract 1917.10, Los Angeles, CA",1813,476
15000US060371917201,"BG 1, Tract 1917.20, Los Angeles, CA",1674,366
15000US060371917202,"BG 2, Tract 1917.20, Los Angeles, CA",1734,481
15000US060371918101,"BG 1, Tract 1918.10, Los Angeles, CA",826,314
15000US060371918102,"BG 2, Tract 1918.10, Los Angeles, CA",993,302
15000US060371918103,"BG 3, Tract 1918.10, Los Angeles, CA",961,361
15000US060371918201,"BG 1, Tract 1918.20, Los Angeles, CA",1886,387
15000US060371918202,"BG 2, Tract 1918.20, Los Angeles, CA",957,279
15000US060371918203,"BG 3, Tract 1918.20, Los Angeles, CA",934,297
15000US060371919011,"BG 1, Tract 1919.01, Los Angeles, CA",1793,546
15000US060371919012,"BG 2, Tract 1919.01, Los Angeles, CA",2516,693
15000US060371919021,"BG 1, Tract 1919.02, Los Angeles, CA",1501,211
15000US060371919022,"BG 2, Tract 1919.02, Los Angeles, CA",1312,340
15000US060371920011,"BG 1, Tract 1920.01, Los Angeles, CA",652,205
15000US060371920012,"BG 2, Tract 1920.01, Los Angeles, CA",1515,309
15000US060371920021,"BG 1, Tract 1920.02, Los Angeles, CA",604,182
15000US060371920022,"BG 2, Tract 1920.02, Los Angeles, CA",1052,321
15000US060371920023,"BG 3, Tract 1920.02, Los Angeles, CA",955,265
15000US060371923001,"BG 1, Tract 1923, Los Angeles, CA",932,411
15000US060371923002,"BG 2, Tract 1923, Los Angeles, CA",705,256
15000US060371923003,"BG 3, Tract 1923, Los Angeles, CA",1005,321
15000US060371924101,"BG 1, Tract 1924.10, Los Angeles, CA",1064,285
15000US060371924102,"BG 2, Tract 1924.10, Los Angeles, CA",1015,231
15000US060371924103,"BG 3, Tract 1924.10, Los Angeles, CA",993,609
15000US060371924104,"BG 4, Tract 1924.10, Los Angeles, CA",1213,465
15000US060371924201,"BG 1, Tract 1924.20, Los Angeles, CA",1505,548
15000US060371924202,"BG 2, Tract 1924.20, Los Angeles, CA",1855,416
15000US060371925101,"BG 1, Tract 1925.10, Los Angeles, CA",1693,391
15000US060371925102,"BG 2, Tract 1925.10, Los Angeles, CA",2298,776
15000US060371925201,"BG 1, Tract 1925.20, Los Angeles, CA",3298,622
15000US060371925202,"BG 2, Tract 1925.20, Los Angeles, CA",1586,445
15000US060371926101,"BG 1, Tract 1926.10, Los Angeles, CA",1342,391
15000US060371926102,"BG 2, Tract 1926.10, Los Angeles, CA",847,386
15000US060371926103,"BG 3, Tract 1926.10, Los Angeles, CA",1917,556
15000US060371926201,"BG 1, Tract 1926.20, Los Angeles, CA",1789,442
15000US060371926202,"BG 2, Tract 1926.20, Los Angeles, CA",1573,398
15000US060371927001,"BG 1, Tract 1927, Los Angeles, CA",1411,406
15000US060371927002,"BG 2, Tract 1927, Los Angeles, CA",1659,356
15000US060371941011,"BG 1, Tract 1941.01, Los Angeles, CA",884,382
15000US060371941012,"BG 2, Tract 1941.01, Los Angeles, CA",2389,428
15000US060371941021,"BG 1, Tract 1941.02, Los Angeles, CA",1034,303
15000US060371941022,"BG 2, Tract 1941.02, Los Angeles, CA",969,357
15000US060371941023,"BG 3, Tract 1941.02, Los Angeles, CA",501,190
15000US060371942001,"BG 1, Tract 1942, Los Angeles, CA",950,298
15000US060371942002,"BG 2, Tract 1942, Los Angeles, CA",942,506
15000US060371942003,"BG 3, Tract 1942, Los Angeles, CA",1486,448
15000US060371943001,"BG 1, Tract 1943, Los Angeles, CA",934,292
15000US060371943002,"BG 2, Tract 1943, Los Angeles, CA",1011,480
15000US060371943003,"BG 3, Tract 1943, Los Angeles, CA",942,225
15000US060371944011,"BG 1, Tract 1944.01, Los Angeles, CA",1554,324
15000US060371944012,"BG 2, Tract 1944.01, Los Angeles, CA",1059,261
15000US060371944021,"BG 1, Tract 1944.02, Los Angeles, CA",944,300
15000US060371944022,"BG 2, Tract 1944.02, Los Angeles, CA",1186,287
15000US060371944023,"BG 3, Tract 1944.02, Los Angeles, CA",941,263
15000US060371945001,"BG 1, Tract 1945, Los Angeles, CA",799,165
15000US060371945002,"BG 2, Tract 1945, Los Angeles, CA",1317,220
15000US060371951001,"BG 1, Tract 1951, Los Angeles, CA",1203,370
15000US060371951002,"BG 2, Tract 1951, Los Angeles, CA",595,207
15000US060371951003,"BG 3, Tract 1951, Los Angeles, CA",1592,434
15000US060371951004,"BG 4, Tract 1951, Los Angeles, CA",1586,445
15000US060371952011,"BG 1, Tract 1952.01, Los Angeles, CA",1498,285
15000US060371952012,"BG 2, Tract 1952.01, Los Angeles, CA",1315,286
15000US060371952021,"BG 1, Tract 1952.02, Los Angeles, CA",745,249
15000US060371952022,"BG 2, Tract 1952.02, Los Angeles, CA",1347,354
15000US060371952023,"BG 3, Tract 1952.02, Los Angeles, CA",1257,312
15000US060371953001,"BG 1, Tract 1953, Los Angeles, CA",583,207
15000US060371953002,"BG 2, Tract 1953, Los Angeles, CA",1184,343
15000US060371953003,"BG 3, Tract 1953, Los Angeles, CA",1209,223
15000US060371954001,"BG 1, Tract 1954, Los Angeles, CA",916,281
15000US060371954002,"BG 2, Tract 1954, Los Angeles, CA",898,369
15000US060371954003,"BG 3, Tract 1954, Los Angeles, CA",810,336
15000US060371954004,"BG 4, Tract 1954, Los Angeles, CA",1724,516
15000US060371955001,"BG 1, Tract 1955, Los Angeles, CA",1851,407
15000US060371955002,"BG 2, Tract 1955, Los Angeles, CA",1105,462
15000US060371955003,"BG 3, Tract 1955, Los Angeles, CA",1215,568
15000US060371955004,"BG 4, Tract 1955, Los Angeles, CA",967,409
15000US060371956001,"BG 1, Tract 1956, Los Angeles, CA",331,209
15000US060371956002,"BG 2, Tract 1956, Los Angeles, CA",791,409
15000US060371956003,"BG 3, Tract 1956, Los Angeles, CA",582,205
15000US060371956004,"BG 4, Tract 1956, Los Angeles, CA",1117,302
15000US060371957101,"BG 1, Tract 1957.10, Los Angeles, CA",1122,354
15000US060371957102,"BG 2, Tract 1957.10, Los Angeles, CA",1579,335
15000US060371957103,"BG 3, Tract 1957.10, Los Angeles, CA",1573,453
15000US060371957201,"BG 1, Tract 1957.20, Los Angeles, CA",876,168
15000US060371957202,"BG 2, Tract 1957.20, Los Angeles, CA",818,142
15000US060371958021,"BG 1, Tract 1958.02, Los Angeles, CA",1193,279
15000US060371958022,"BG 2, Tract 1958.02, Los Angeles, CA",1672,309
15000US060371958031,"BG 1, Tract 1958.03, Los Angeles, CA",1342,258
15000US060371958032,"BG 2, Tract 1958.03, Los Angeles, CA",986,164
15000US060371958041,"BG 1, Tract 1958.04, Los Angeles, CA",938,325
15000US060371958042,"BG 2, Tract 1958.04, Los Angeles, CA",1617,336
15000US060371959011,"BG 1, Tract 1959.01, Los Angeles, CA",2566,361
15000US060371959021,"BG 1, Tract 1959.02, Los Angeles, CA",945,402
15000US060371959022,"BG 2, Tract 1959.02, Los Angeles, CA",902,160
15000US060371959031,"BG 1, Tract 1959.03, Los Angeles, CA",1253,281
15000US060371959032,"BG 2, Tract 1959.03, Los Angeles, CA",717,169
15000US060371972001,"BG 1, Tract 1972, Los Angeles, CA",1623,527
15000US060371972002,"BG 2, Tract 1972, Los Angeles, CA",1382,370
15000US060371972003,"BG 3, Tract 1972, Los Angeles, CA",634,378
15000US060371973001,"BG 1, Tract 1973, Los Angeles, CA",1584,330
15000US060371973002,"BG 2, Tract 1973, Los Angeles, CA",922,368
15000US060371973003,"BG 3, Tract 1973, Los Angeles, CA",1228,395
15000US060371974101,"BG 1, Tract 1974.10, Los Angeles, CA",1447,344
15000US060371974102,"BG 2, Tract 1974.10, Los Angeles, CA",1355,383
15000US060371974103,"BG 3, Tract 1974.10, Los Angeles, CA",1003,379
15000US060371974201,"BG 1, Tract 1974.20, Los Angeles, CA",1798,397
15000US060371974202,"BG 2, Tract 1974.20, Los Angeles, CA",1823,385
15000US060371975001,"BG 1, Tract 1975, Los Angeles, CA",1559,297
15000US060371975002,"BG 2, Tract 1975, Los Angeles, CA",1261,377
15000US060371975003,"BG 3, Tract 1975, Los Angeles, CA",1172,526
15000US060371976001,"BG 1, Tract 1976, Los Angeles, CA",430,237
15000US060371976002,"BG 2, Tract 1976, Los Angeles, CA",1650,471
15000US060371977001,"BG 1, Tract 1977, Los Angeles, CA",2102,402
15000US060371977002,"BG 2, Tract 1977, Los Angeles, CA",888,316
15000US060371977003,"BG 3, Tract 1977, Los Angeles, CA",1790,477
15000US060371990011,"BG 1, Tract 1990.01, Los Angeles, CA",2307,543
15000US060371990021,"BG 1, Tract 1990.02, Los Angeles, CA",941,316
15000US060371990022,"BG 2, Tract 1990.02, Los Angeles, CA",1925,448
15000US060371991101,"BG 1, Tract 1991.10, Los Angeles, CA",960,351
15000US060371991102,"BG 2, Tract 1991.10, Los Angeles, CA",1409,488
15000US060371991201,"BG 1, Tract 1991.20, Los Angeles, CA",2390,472
15000US060371991202,"BG 2, Tract 1991.20, Los Angeles, CA",1314,401
15000US060371992011,"BG 1, Tract 1992.01, Los Angeles, CA",514,332
15000US060371992012,"BG 2, Tract 1992.01, Los Angeles, CA",1671,440
15000US060371992013,"BG 3, Tract 1992.01, Los Angeles, CA",1407,424
15000US060371992021,"BG 1, Tract 1992.02, Los Angeles, CA",957,231
15000US060371992022,"BG 2, Tract 1992.02, Los Angeles, CA",1493,426
15000US060371993001,"BG 1, Tract 1993, Los Angeles, CA",1178,297
15000US060371993002,"BG 2, Tract 1993, Los Angeles, CA",2661,604
15000US060371994001,"BG 1, Tract 1994, Los Angeles, CA",754,390
15000US060371994002,"BG 2, Tract 1994, Los Angeles, CA",1501,412
15000US060371994003,"BG 3, Tract 1994, Los Angeles, CA",2118,736
15000US060371997001,"BG 1, Tract 1997, Los Angeles, CA",1034,285
15000US060371997002,"BG 2, Tract 1997, Los Angeles, CA",1902,418
15000US060371998011,"BG 1, Tract 1998.01, Los Angeles, CA",2271,582
15000US060371998012,"BG 2, Tract 1998.01, Los Angeles, CA",1571,438
15000US060371998021,"BG 1, Tract 1998.02, Los Angeles, CA",974,211
15000US060371998022,"BG 2, Tract 1998.02, Los Angeles, CA",1001,269
15000US060371999001,"BG 1, Tract 1999, Los Angeles, CA",1468,353
15000US060371999002,"BG 2, Tract 1999, Los Angeles, CA",827,224
15000US060372011101,"BG 1, Tract 2011.10, Los Angeles, CA",876,219
15000US060372011102,"BG 2, Tract 2011.10, Los Angeles, CA",1403,248
15000US060372011201,"BG 1, Tract 2011.20, Los Angeles, CA",1843,498
15000US060372011202,"BG 2, Tract 2011.20, Los Angeles, CA",1218,428
15000US060372011203,"BG 3, Tract 2011.20, Los Angeles, CA",782,393
15000US060372012001,"BG 1, Tract 2012, Los Angeles, CA",2677,350
15000US060372013011,"BG 1, Tract 2013.01, Los Angeles, CA",1509,305
15000US060372013012,"BG 2, Tract 2013.01, Los Angeles, CA",1894,784
15000US060372013021,"BG 1, Tract 2013.02, Los Angeles, CA",1222,540
15000US060372013022,"BG 2, Tract 2013.02, Los Angeles, CA",1263,284
15000US060372013023,"BG 3, Tract 2013.02, Los Angeles, CA",1598,304
15000US060372014011,"BG 1, Tract 2014.01, Los Angeles, CA",2620,372
15000US060372014012,"BG 2, Tract 2014.01, Los Angeles, CA",1557,647
15000US060372014021,"BG 1, Tract 2014.02, Los Angeles, CA",2369,649
15000US060372014022,"BG 2, Tract 2014.02, Los Angeles, CA",780,340
15000US060372014023,"BG 3, Tract 2014.02, Los Angeles, CA",964,347
15000US060372015011,"BG 1, Tract 2015.01, Los Angeles, CA",1234,436
15000US060372015012,"BG 2, Tract 2015.01, Los Angeles, CA",931,291
15000US060372015013,"BG 3, Tract 2015.01, Los Angeles, CA",1455,473
15000US060372015014,"BG 4, Tract 2015.01, Los Angeles, CA",1848,470
15000US060372015031,"BG 1, Tract 2015.03, Los Angeles, CA",1607,375
15000US060372015032,"BG 2, Tract 2015.03, Los Angeles, CA",1526,521
15000US060372015041,"BG 1, Tract 2015.04, Los Angeles, CA",2063,323
15000US060372016011,"BG 1, Tract 2016.01, Los Angeles, CA",2310,355
15000US060372016021,"BG 1, Tract 2016.02, Los Angeles, CA",794,169
15000US060372016022,"BG 2, Tract 2016.02, Los Angeles, CA",1373,674
15000US060372016023,"BG 3, Tract 2016.02, Los Angeles, CA",599,183
15000US060372017001,"BG 1, Tract 2017, Los Angeles, CA",2136,356
15000US060372017002,"BG 2, Tract 2017, Los Angeles, CA",1419,319
15000US060372017003,"BG 3, Tract 2017, Los Angeles, CA",1573,526
15000US060372031001,"BG 1, Tract 2031, Los Angeles, CA",1005,512
15000US060372031002,"BG 2, Tract 2031, Los Angeles, CA",1760,631
15000US060372031003,"BG 3, Tract 2031, Los Angeles, CA",1537,369
15000US060372032001,"BG 1, Tract 2032, Los Angeles, CA",1401,621
15000US060372032002,"BG 2, Tract 2032, Los Angeles, CA",2595,907
15000US060372032003,"BG 3, Tract 2032, Los Angeles, CA",999,371
15000US060372033001,"BG 1, Tract 2033, Los Angeles, CA",2105,253
15000US060372035001,"BG 1, Tract 2035, Los Angeles, CA",781,310
15000US060372035002,"BG 2, Tract 2035, Los Angeles, CA",1346,407
15000US060372035003,"BG 3, Tract 2035, Los Angeles, CA",704,262
15000US060372036011,"BG 1, Tract 2036.01, Los Angeles, CA",1090,371
15000US060372036012,"BG 2, Tract 2036.01, Los Angeles, CA",1574,362
15000US060372036021,"BG 1, Tract 2036.02, Los Angeles, CA",1964,334
15000US060372037101,"BG 1, Tract 2037.10, Los Angeles, CA",2098,404
15000US060372037102,"BG 2, Tract 2037.10, Los Angeles, CA",1359,365
15000US060372037201,"BG 1, Tract 2037.20, Los Angeles, CA",2031,513
15000US060372037202,"BG 2, Tract 2037.20, Los Angeles, CA",1525,519
15000US060372038001,"BG 1, Tract 2038, Los Angeles, CA",988,654
15000US060372038002,"BG 2, Tract 2038, Los Angeles, CA",1298,661
15000US060372038003,"BG 3, Tract 2038, Los Angeles, CA",1387,695
15000US060372038004,"BG 4, Tract 2038, Los Angeles, CA",1144,672
15000US060372039001,"BG 1, Tract 2039, Los Angeles, CA",970,328
15000US060372039002,"BG 2, Tract 2039, Los Angeles, CA",1869,590
15000US060372041101,"BG 1, Tract 2041.10, Los Angeles, CA",1010,329
15000US060372041102,"BG 2, Tract 2041.10, Los Angeles, CA",488,256
15000US060372041103,"BG 3, Tract 2041.10, Los Angeles, CA",1365,534
15000US060372041201,"BG 1, Tract 2041.20, Los Angeles, CA",1188,619
15000US060372041202,"BG 2, Tract 2041.20, Los Angeles, CA",1292,225
15000US060372042001,"BG 1, Tract 2042, Los Angeles, CA",1883,703
15000US060372042002,"BG 2, Tract 2042, Los Angeles, CA",1434,358
15000US060372043001,"BG 1, Tract 2043, Los Angeles, CA",2762,969
15000US060372043002,"BG 2, Tract 2043, Los Angeles, CA",500,247
15000US060372043003,"BG 3, Tract 2043, Los Angeles, CA",1611,329
15000US060372044101,"BG 1, Tract 2044.10, Los Angeles, CA",1283,382
15000US060372044102,"BG 2, Tract 2044.10, Los Angeles, CA",1184,394
15000US060372044201,"BG 1, Tract 2044.20, Los Angeles, CA",2191,477
15000US060372044202,"BG 2, Tract 2044.20, Los Angeles, CA",910,346
15000US060372046001,"BG 1, Tract 2046, Los Angeles, CA",2203,734
15000US060372046002,"BG 2, Tract 2046, Los Angeles, CA",1751,583
15000US060372047001,"BG 1, Tract 2047, Los Angeles, CA",1969,546
15000US060372047002,"BG 2, Tract 2047, Los Angeles, CA",1171,387
15000US060372047003,"BG 3, Tract 2047, Los Angeles, CA",1384,505
15000US060372048101,"BG 1, Tract 2048.10, Los Angeles, CA",2412,575
15000US060372048102,"BG 2, Tract 2048.10, Los Angeles, CA",703,291
15000US060372048103,"BG 3, Tract 2048.10, Los Angeles, CA",1817,832
15000US060372048201,"BG 1, Tract 2048.20, Los Angeles, CA",1033,355
15000US060372048202,"BG 2, Tract 2048.20, Los Angeles, CA",1033,248
15000US060372049101,"BG 1, Tract 2049.10, Los Angeles, CA",1918,626
15000US060372049102,"BG 2, Tract 2049.10, Los Angeles, CA",1438,291
15000US060372049201,"BG 1, Tract 2049.20, Los Angeles, CA",1667,399
15000US060372049202,"BG 2, Tract 2049.20, Los Angeles, CA",792,235
15000US060372051101,"BG 1, Tract 2051.10, Los Angeles, CA",2625,506
15000US060372051102,"BG 2, Tract 2051.10, Los Angeles, CA",1065,343
15000US060372051201,"BG 1, Tract 2051.20, Los Angeles, CA",2501,584
15000US060372051202,"BG 2, Tract 2051.20, Los Angeles, CA",908,341
15000US060372060101,"BG 1, Tract 2060.10, Los Angeles, CA",2231,418
15000US060372060102,"BG 2, Tract 2060.10, Los Angeles, CA",1259,510
15000US060372060201,"BG 1, Tract 2060.20, Los Angeles, CA",8179,350
15000US060372060501,"BG 1, Tract 2060.50, Los Angeles, CA",2290,509
15000US060372060511,"BG 1, Tract 2060.51, Los Angeles, CA",558,204
15000US060372060512,"BG 2, Tract 2060.51, Los Angeles, CA",977,356
15000US060372060521,"BG 1, Tract 2060.52, Los Angeles, CA",3153,546
15000US060372060531,"BG 1, Tract 2060.53, Los Angeles, CA",794,391
15000US060372060532,"BG 2, Tract 2060.53, Los Angeles, CA",2263,538
15000US060372060541,"BG 1, Tract 2060.54, Los Angeles, CA",2456,383
15000US060372062011,"BG 1, Tract 2062.01, Los Angeles, CA",443,128
15000US060372062012,"BG 2, Tract 2062.01, Los Angeles, CA",1684,460
15000US060372062021,"BG 1, Tract 2062.02, Los Angeles, CA",1711,224
15000US060372063011,"BG 1, Tract 2063.01, Los Angeles, CA",1991,228
15000US060372063021,"BG 1, Tract 2063.02, Los Angeles, CA",1432,143
15000US060372063022,"BG 2, Tract 2063.02, Los Angeles, CA",472,199
15000US060372063031,"BG 1, Tract 2063.03, Los Angeles, CA",2430,227
15000US060372071011,"BG 1, Tract 2071.01, Los Angeles, CA",1929,595
15000US060372071012,"BG 2, Tract 2071.01, Los Angeles, CA",1923,525
15000US060372071021,"BG 1, Tract 2071.02, Los Angeles, CA",3340,465
15000US060372071031,"BG 1, Tract 2071.03, Los Angeles, CA",964,282
15000US060372071032,"BG 2, Tract 2071.03, Los Angeles, CA",1148,198
15000US060372073031,"BG 1, Tract 2073.03, Los Angeles, CA",1390,420
15000US060372073032,"BG 2, Tract 2073.03, Los Angeles, CA",969,319
15000US060372073041,"BG 1, Tract 2073.04, Los Angeles, CA",1058,330
15000US060372073042,"BG 2, Tract 2073.04, Los Angeles, CA",1300,508
15000US060372073051,"BG 1, Tract 2073.05, Los Angeles, CA",959,208
15000US060372073061,"BG 1, Tract 2073.06, Los Angeles, CA",1146,281
15000US060372073062,"BG 2, Tract 2073.06, Los Angeles, CA",1079,306
15000US060372073071,"BG 1, Tract 2073.07, Los Angeles, CA",1439,284
15000US060372073081,"BG 1, Tract 2073.08, Los Angeles, CA",1229,258
15000US060372074001,"BG 1, Tract 2074, Los Angeles, CA",2273,500
15000US060372075011,"BG 1, Tract 2075.01, Los Angeles, CA",1489,317
15000US060372075012,"BG 2, Tract 2075.01, Los Angeles, CA",617,199
15000US060372075021,"BG 1, Tract 2075.02, Los Angeles, CA",1584,351
15000US060372075022,"BG 2, Tract 2075.02, Los Angeles, CA",2322,450
15000US060372077111,"BG 1, Tract 2077.11, Los Angeles, CA",2627,322
15000US060372077121,"BG 1, Tract 2077.12, Los Angeles, CA",3633,689
15000US060372077122,"BG 2, Tract 2077.12, Los Angeles, CA",1294,403
15000US060372079011,"BG 1, Tract 2079.01, Los Angeles, CA",1548,480
15000US060372079012,"BG 2, Tract 2079.01, Los Angeles, CA",2253,536
15000US060372079021,"BG 1, Tract 2079.02, Los Angeles, CA",5996,804
15000US060372079022,"BG 2, Tract 2079.02, Los Angeles, CA",1358,366
15000US060372080011,"BG 1, Tract 2080.01, Los Angeles, CA",2581,354
15000US060372080021,"BG 1, Tract 2080.02, Los Angeles, CA",1635,637
15000US060372080022,"BG 2, Tract 2080.02, Los Angeles, CA",2406,698
15000US060372083011,"BG 1, Tract 2083.01, Los Angeles, CA",1693,307
15000US060372083021,"BG 1, Tract 2083.02, Los Angeles, CA",710,234
15000US060372083022,"BG 2, Tract 2083.02, Los Angeles, CA",1048,369
15000US060372083023,"BG 3, Tract 2083.02, Los Angeles, CA",2957,745
15000US060372084011,"BG 1, Tract 2084.01, Los Angeles, CA",1796,481
15000US060372084012,"BG 2, Tract 2084.01, Los Angeles, CA",2056,563
15000US060372084021,"BG 1, Tract 2084.02, Los Angeles, CA",1249,445
15000US060372084022,"BG 2, Tract 2084.02, Los Angeles, CA",1267,241
15000US060372085011,"BG 1, Tract 2085.01, Los Angeles, CA",1085,312
15000US060372085012,"BG 2, Tract 2085.01, Los Angeles, CA",1373,419
15000US060372085021,"BG 1, Tract 2085.02, Los Angeles, CA",1139,307
15000US060372085022,"BG 2, Tract 2085.02, Los Angeles, CA",1312,344
15000US060372085023,"BG 3, Tract 2085.02, Los Angeles, CA",1350,518
15000US060372086101,"BG 1, Tract 2086.10, Los Angeles, CA",1808,493
15000US060372086102,"BG 2, Tract 2086.10, Los Angeles, CA",2469,588
15000US060372086201,"BG 1, Tract 2086.20, Los Angeles, CA",942,384
15000US060372086202,"BG 2, Tract 2086.20, Los Angeles, CA",1429,379
15000US060372086203,"BG 3, Tract 2086.20, Los Angeles, CA",1629,439
15000US060372087101,"BG 1, Tract 2087.10, Los Angeles, CA",2709,632
15000US060372087102,"BG 2, Tract 2087.10, Los Angeles, CA",2186,597
15000US060372087201,"BG 1, Tract 2087.20, Los Angeles, CA",2084,476
15000US060372087202,"BG 2, Tract 2087.20, Los Angeles, CA",1322,495
15000US060372088011,"BG 1, Tract 2088.01, Los Angeles, CA",1992,487
15000US060372088012,"BG 2, Tract 2088.01, Los Angeles, CA",1376,284
15000US060372088021,"BG 1, Tract 2088.02, Los Angeles, CA",1780,711
15000US060372088022,"BG 2, Tract 2088.02, Los Angeles, CA",992,252
15000US060372089021,"BG 1, Tract 2089.02, Los Angeles, CA",1436,414
15000US060372089022,"BG 2, Tract 2089.02, Los Angeles, CA",963,360
15000US060372089031,"BG 1, Tract 2089.03, Los Angeles, CA",2858,862
15000US060372089032,"BG 2, Tract 2089.03, Los Angeles, CA",961,353
15000US060372089041,"BG 1, Tract 2089.04, Los Angeles, CA",1808,385
15000US060372089042,"BG 2, Tract 2089.04, Los Angeles, CA",1782,562
15000US060372091031,"BG 1, Tract 2091.03, Los Angeles, CA",1233,365
15000US060372091032,"BG 2, Tract 2091.03, Los Angeles, CA",1993,527
15000US060372091041,"BG 1, Tract 2091.04, Los Angeles, CA",2567,286
15000US060372091051,"BG 1, Tract 2091.05, Los Angeles, CA",3153,727
15000US060372091061,"BG 1, Tract 2091.06, Los Angeles, CA",2101,382
15000US060372092011,"BG 1, Tract 2092.01, Los Angeles, CA",3298,448
15000US060372092021,"BG 1, Tract 2092.02, Los Angeles, CA",1410,304
15000US060372093001,"BG 1, Tract 2093, Los Angeles, CA",1643,447
15000US060372093002,"BG 2, Tract 2093, Los Angeles, CA",1989,499
15000US060372093003,"BG 3, Tract 2093, Los Angeles, CA",1302,300
15000US060372094011,"BG 1, Tract 2094.01, Los Angeles, CA",2359,499
15000US060372094012,"BG 2, Tract 2094.01, Los Angeles, CA",1330,388
15000US060372094021,"BG 1, Tract 2094.02, Los Angeles, CA",1748,477
15000US060372094022,"BG 2, Tract 2094.02, Los Angeles, CA",2354,766
15000US060372094031,"BG 1, Tract 2094.03, Los Angeles, CA",1759,354
15000US060372094032,"BG 2, Tract 2094.03, Los Angeles, CA",2962,1600
15000US060372095101,"BG 1, Tract 2095.10, Los Angeles, CA",871,261
15000US060372095102,"BG 2, Tract 2095.10, Los Angeles, CA",1785,365
15000US060372095201,"BG 1, Tract 2095.20, Los Angeles, CA",1456,383
15000US060372095202,"BG 2, Tract 2095.20, Los Angeles, CA",917,352
15000US060372098101,"BG 1, Tract 2098.10, Los Angeles, CA",1183,308
15000US060372098102,"BG 2, Tract 2098.10, Los Angeles, CA",1495,407
15000US060372098201,"BG 1, Tract 2098.20, Los Angeles, CA",1507,449
15000US060372098202,"BG 2, Tract 2098.20, Los Angeles, CA",991,244
15000US060372100101,"BG 1, Tract 2100.10, Los Angeles, CA",1430,605
15000US060372100102,"BG 2, Tract 2100.10, Los Angeles, CA",910,446
15000US060372100103,"BG 3, Tract 2100.10, Los Angeles, CA",852,277
15000US060372110001,"BG 1, Tract 2110, Los Angeles, CA",781,345
15000US060372110002,"BG 2, Tract 2110, Los Angeles, CA",471,184
15000US060372110003,"BG 3, Tract 2110, Los Angeles, CA",647,208
15000US060372110004,"BG 4, Tract 2110, Los Angeles, CA",1804,663
15000US060372110005,"BG 5, Tract 2110, Los Angeles, CA",1610,498
15000US060372111211,"BG 1, Tract 2111.21, Los Angeles, CA",1125,516
15000US060372111212,"BG 2, Tract 2111.21, Los Angeles, CA",1193,276
15000US060372111221,"BG 1, Tract 2111.22, Los Angeles, CA",717,224
15000US060372111222,"BG 2, Tract 2111.22, Los Angeles, CA",1928,407
15000US060372111231,"BG 1, Tract 2111.23, Los Angeles, CA",1816,275
15000US060372111241,"BG 1, Tract 2111.24, Los Angeles, CA",1308,455
15000US060372111242,"BG 2, Tract 2111.24, Los Angeles, CA",1395,709
15000US060372111243,"BG 3, Tract 2111.24, Los Angeles, CA",1584,725
15000US060372112011,"BG 1, Tract 2112.01, Los Angeles, CA",636,179
15000US060372112012,"BG 2, Tract 2112.01, Los Angeles, CA",2058,340
15000US060372112021,"BG 1, Tract 2112.02, Los Angeles, CA",2254,359
15000US060372113101,"BG 1, Tract 2113.10, Los Angeles, CA",1285,364
15000US060372113102,"BG 2, Tract 2113.10, Los Angeles, CA",2199,505
15000US060372113201,"BG 1, Tract 2113.20, Los Angeles, CA",791,239
15000US060372113202,"BG 2, Tract 2113.20, Los Angeles, CA",2462,481
15000US060372114101,"BG 1, Tract 2114.10, Los Angeles, CA",2368,469
15000US060372114102,"BG 2, Tract 2114.10, Los Angeles, CA",545,233
15000US060372114201,"BG 1, Tract 2114.20, Los Angeles, CA",2316,345
15000US060372114202,"BG 2, Tract 2114.20, Los Angeles, CA",1179,313
15000US060372115001,"BG 1, Tract 2115, Los Angeles, CA",897,261
15000US060372115002,"BG 2, Tract 2115, Los Angeles, CA",1889,323
15000US060372115003,"BG 3, Tract 2115, Los Angeles, CA",1071,476
15000US060372117011,"BG 1, Tract 2117.01, Los Angeles, CA",1195,306
15000US060372117012,"BG 2, Tract 2117.01, Los Angeles, CA",975,345
15000US060372117013,"BG 3, Tract 2117.01, Los Angeles, CA",611,355
15000US060372117031,"BG 1, Tract 2117.03, Los Angeles, CA",2344,463
15000US060372117032,"BG 2, Tract 2117.03, Los Angeles, CA",2220,495
15000US060372117041,"BG 1, Tract 2117.04, Los Angeles, CA",1044,288
15000US060372117042,"BG 2, Tract 2117.04, Los Angeles, CA",1624,311
15000US060372118021,"BG 1, Tract 2118.02, Los Angeles, CA",2056,637
15000US060372118022,"BG 2, Tract 2118.02, Los Angeles, CA",1629,333
15000US060372118023,"BG 3, Tract 2118.02, Los Angeles, CA",763,429
15000US060372118031,"BG 1, Tract 2118.03, Los Angeles, CA",1427,360
15000US060372118032,"BG 2, Tract 2118.03, Los Angeles, CA",2208,564
15000US060372118041,"BG 1, Tract 2118.04, Los Angeles, CA",768,338
15000US060372118042,"BG 2, Tract 2118.04, Los Angeles, CA",2426,556
15000US060372119101,"BG 1, Tract 2119.10, Los Angeles, CA",1114,403
15000US060372119102,"BG 2, Tract 2119.10, Los Angeles, CA",1508,394
15000US060372119103,"BG 3, Tract 2119.10, Los Angeles, CA",1329,363
15000US060372119211,"BG 1, Tract 2119.21, Los Angeles, CA",2001,287
15000US060372119221,"BG 1, Tract 2119.22, Los Angeles, CA",1273,372
15000US060372119222,"BG 2, Tract 2119.22, Los Angeles, CA",2080,866
15000US060372121011,"BG 1, Tract 2121.01, Los Angeles, CA",1146,219
15000US060372121012,"BG 2, Tract 2121.01, Los Angeles, CA",1595,294
15000US060372121021,"BG 1, Tract 2121.02, Los Angeles, CA",689,179
15000US060372121022,"BG 2, Tract 2121.02, Los Angeles, CA",2266,553
15000US060372122021,"BG 1, Tract 2122.02, Los Angeles, CA",2176,626
15000US060372122022,"BG 2, Tract 2122.02, Los Angeles, CA",1500,501
15000US060372122031,"BG 1, Tract 2122.03, Los Angeles, CA",1329,369
15000US060372122032,"BG 2, Tract 2122.03, Los Angeles, CA",1617,468
15000US060372122041,"BG 1, Tract 2122.04, Los Angeles, CA",1605,514
15000US060372122042,"BG 2, Tract 2122.04, Los Angeles, CA",2115,826
15000US060372123031,"BG 1, Tract 2123.03, Los Angeles, CA",1857,968
15000US060372123032,"BG 2, Tract 2123.03, Los Angeles, CA",1981,553
15000US060372123041,"BG 1, Tract 2123.04, Los Angeles, CA",1781,262
15000US060372123051,"BG 1, Tract 2123.05, Los Angeles, CA",2711,484
15000US060372123061,"BG 1, Tract 2123.06, Los Angeles, CA",1304,374
15000US060372123062,"BG 2, Tract 2123.06, Los Angeles, CA",1512,467
15000US060372124101,"BG 1, Tract 2124.10, Los Angeles, CA",1064,352
15000US060372124102,"BG 2, Tract 2124.10, Los Angeles, CA",1285,411
15000US060372124103,"BG 3, Tract 2124.10, Los Angeles, CA",1877,1041
15000US060372124201,"BG 1, Tract 2124.20, Los Angeles, CA",1650,329
15000US060372124202,"BG 2, Tract 2124.20, Los Angeles, CA",1011,249
15000US060372125011,"BG 1, Tract 2125.01, Los Angeles, CA",1890,340
15000US060372125021,"BG 1, Tract 2125.02, Los Angeles, CA",1748,312
15000US060372125022,"BG 2, Tract 2125.02, Los Angeles, CA",1534,431
15000US060372126101,"BG 1, Tract 2126.10, Los Angeles, CA",2104,387
15000US060372126102,"BG 2, Tract 2126.10, Los Angeles, CA",2107,431
15000US060372126201,"BG 1, Tract 2126.20, Los Angeles, CA",1691,360
15000US060372126202,"BG 2, Tract 2126.20, Los Angeles, CA",2127,448
15000US060372127011,"BG 1, Tract 2127.01, Los Angeles, CA",2317,289
15000US060372127021,"BG 1, Tract 2127.02, Los Angeles, CA",1707,489
15000US060372127022,"BG 2, Tract 2127.02, Los Angeles, CA",1099,254
15000US060372127023,"BG 3, Tract 2127.02, Los Angeles, CA",583,241
15000US060372128001,"BG 1, Tract 2128, Los Angeles, CA",1670,473
15000US060372128002,"BG 2, Tract 2128, Los Angeles, CA",1045,395
15000US060372128003,"BG 3, Tract 2128, Los Angeles, CA",671,247
15000US060372129001,"BG 1, Tract 2129, Los Angeles, CA",1256,456
15000US060372129002,"BG 2, Tract 2129, Los Angeles, CA",2428,571
15000US060372131001,"BG 1, Tract 2131, Los Angeles, CA",1790,300
15000US060372131002,"BG 2, Tract 2131, Los Angeles, CA",1000,258
15000US060372132011,"BG 1, Tract 2132.01, Los Angeles, CA",1425,459
15000US060372132012,"BG 2, Tract 2132.01, Los Angeles, CA",1434,396
15000US060372132013,"BG 3, Tract 2132.01, Los Angeles, CA",1220,297
15000US060372132021,"BG 1, Tract 2132.02, Los Angeles, CA",1479,481
15000US060372132022,"BG 2, Tract 2132.02, Los Angeles, CA",2196,427
15000US060372133101,"BG 1, Tract 2133.10, Los Angeles, CA",1462,338
15000US060372133102,"BG 2, Tract 2133.10, Los Angeles, CA",1057,459
15000US060372133201,"BG 1, Tract 2133.20, Los Angeles, CA",1409,655
15000US060372133202,"BG 2, Tract 2133.20, Los Angeles, CA",1062,308
15000US060372134011,"BG 1, Tract 2134.01, Los Angeles, CA",1864,422
15000US060372134012,"BG 2, Tract 2134.01, Los Angeles, CA",1397,589
15000US060372134013,"BG 3, Tract 2134.01, Los Angeles, CA",1312,369
15000US060372134021,"BG 1, Tract 2134.02, Los Angeles, CA",2277,749
15000US060372134022,"BG 2, Tract 2134.02, Los Angeles, CA",804,221
15000US060372134023,"BG 3, Tract 2134.02, Los Angeles, CA",1396,350
15000US060372140001,"BG 1, Tract 2140, Los Angeles, CA",1007,454
15000US060372140002,"BG 2, Tract 2140, Los Angeles, CA",577,191
15000US060372140003,"BG 3, Tract 2140, Los Angeles, CA",1272,525
15000US060372140004,"BG 4, Tract 2140, Los Angeles, CA",1094,409
15000US060372141001,"BG 1, Tract 2141, Los Angeles, CA",1030,224
15000US060372141002,"BG 2, Tract 2141, Los Angeles, CA",1014,335
15000US060372141003,"BG 3, Tract 2141, Los Angeles, CA",517,234
15000US060372141004,"BG 4, Tract 2141, Los Angeles, CA",1226,279
15000US060372144001,"BG 1, Tract 2144, Los Angeles, CA",1159,258
15000US060372144002,"BG 2, Tract 2144, Los Angeles, CA",1048,229
15000US060372144003,"BG 3, Tract 2144, Los Angeles, CA",801,248
15000US060372145011,"BG 1, Tract 2145.01, Los Angeles, CA",375,205
15000US060372145012,"BG 2, Tract 2145.01, Los Angeles, CA",1567,355
15000US060372145013,"BG 3, Tract 2145.01, Los Angeles, CA",1535,888
15000US060372145031,"BG 1, Tract 2145.03, Los Angeles, CA",1170,293
15000US060372145032,"BG 2, Tract 2145.03, Los Angeles, CA",1842,418
15000US060372145033,"BG 3, Tract 2145.03, Los Angeles, CA",501,207
15000US060372145041,"BG 1, Tract 2145.04, Los Angeles, CA",1578,421
15000US060372145042,"BG 2, Tract 2145.04, Los Angeles, CA",2031,465
15000US060372145051,"BG 1, Tract 2145.05, Los Angeles, CA",1581,209
15000US060372146001,"BG 1, Tract 2146, Los Angeles, CA",741,224
15000US060372146002,"BG 2, Tract 2146, Los Angeles, CA",615,238
15000US060372146003,"BG 3, Tract 2146, Los Angeles, CA",910,259
15000US060372147001,"BG 1, Tract 2147, Los Angeles, CA",890,245
15000US060372147002,"BG 2, Tract 2147, Los Angeles, CA",1048,439
15000US060372147003,"BG 3, Tract 2147, Los Angeles, CA",579,174
15000US060372148001,"BG 1, Tract 2148, Los Angeles, CA",1713,429
15000US060372148002,"BG 2, Tract 2148, Los Angeles, CA",463,201
15000US060372148003,"BG 3, Tract 2148, Los Angeles, CA",704,215
15000US060372149021,"BG 1, Tract 2149.02, Los Angeles, CA",795,257
15000US060372149022,"BG 2, Tract 2149.02, Los Angeles, CA",1774,424
15000US060372149031,"BG 1, Tract 2149.03, Los Angeles, CA",654,193
15000US060372149032,"BG 2, Tract 2149.03, Los Angeles, CA",914,318
15000US060372149041,"BG 1, Tract 2149.04, Los Angeles, CA",1050,253
15000US060372149042,"BG 2, Tract 2149.04, Los Angeles, CA",409,117
15000US060372151011,"BG 1, Tract 2151.01, Los Angeles, CA",1941,220
15000US060372151012,"BG 2, Tract 2151.01, Los Angeles, CA",1083,334
15000US060372151021,"BG 1, Tract 2151.02, Los Angeles, CA",1464,328
15000US060372151022,"BG 2, Tract 2151.02, Los Angeles, CA",499,218
15000US060372151023,"BG 3, Tract 2151.02, Los Angeles, CA",1359,407
15000US060372161001,"BG 1, Tract 2161, Los Angeles, CA",734,332
15000US060372161002,"BG 2, Tract 2161, Los Angeles, CA",1015,254
15000US060372161003,"BG 3, Tract 2161, Los Angeles, CA",644,269
15000US060372162011,"BG 1, Tract 2162.01, Los Angeles, CA",1281,375
15000US060372162012,"BG 2, Tract 2162.01, Los Angeles, CA",1310,282
15000US060372162021,"BG 1, Tract 2162.02, Los Angeles, CA",1128,277
15000US060372162022,"BG 2, Tract 2162.02, Los Angeles, CA",1397,299
15000US060372163011,"BG 1, Tract 2163.01, Los Angeles, CA",1414,447
15000US060372163021,"BG 1, Tract 2163.02, Los Angeles, CA",1617,397
15000US060372163022,"BG 2, Tract 2163.02, Los Angeles, CA",1541,410
15000US060372164011,"BG 1, Tract 2164.01, Los Angeles, CA",1654,474
15000US060372164012,"BG 2, Tract 2164.01, Los Angeles, CA",769,307
15000US060372164013,"BG 3, Tract 2164.01, Los Angeles, CA",1237,483
15000US060372164021,"BG 1, Tract 2164.02, Los Angeles, CA",1409,340
15000US060372164022,"BG 2, Tract 2164.02, Los Angeles, CA",1254,497
15000US060372167001,"BG 1, Tract 2167, Los Angeles, CA",1456,373
15000US060372167002,"BG 2, Tract 2167, Los Angeles, CA",980,248
15000US060372167003,"BG 3, Tract 2167, Los Angeles, CA",1005,433
15000US060372168001,"BG 1, Tract 2168, Los Angeles, CA",853,233
15000US060372168002,"BG 2, Tract 2168, Los Angeles, CA",1149,279
15000US060372168003,"BG 3, Tract 2168, Los Angeles, CA",645,189
15000US060372168004,"BG 4, Tract 2168, Los Angeles, CA",686,243
15000US060372169011,"BG 1, Tract 2169.01, Los Angeles, CA",928,294
15000US060372169012,"BG 2, Tract 2169.01, Los Angeles, CA",761,271
15000US060372169013,"BG 3, Tract 2169.01, Los Angeles, CA",1110,301
15000US060372169021,"BG 1, Tract 2169.02, Los Angeles, CA",578,184
15000US060372169022,"BG 2, Tract 2169.02, Los Angeles, CA",1623,658
15000US060372170011,"BG 1, Tract 2170.01, Los Angeles, CA",1102,333
15000US060372170012,"BG 2, Tract 2170.01, Los Angeles, CA",1029,341
15000US060372170013,"BG 3, Tract 2170.01, Los Angeles, CA",646,289
15000US060372170021,"BG 1, Tract 2170.02, Los Angeles, CA",1754,423
15000US060372170022,"BG 2, Tract 2170.02, Los Angeles, CA",1834,763
15000US060372170023,"BG 3, Tract 2170.02, Los Angeles, CA",1364,479
15000US060372171011,"BG 1, Tract 2171.01, Los Angeles, CA",724,185
15000US060372171012,"BG 2, Tract 2171.01, Los Angeles, CA",1950,1342
15000US060372171021,"BG 1, Tract 2171.02, Los Angeles, CA",1338,410
15000US060372171022,"BG 2, Tract 2171.02, Los Angeles, CA",420,163
15000US060372171023,"BG 3, Tract 2171.02, Los Angeles, CA",1015,272
15000US060372172001,"BG 1, Tract 2172, Los Angeles, CA",711,232
15000US060372172002,"BG 2, Tract 2172, Los Angeles, CA",680,301
15000US060372172003,"BG 3, Tract 2172, Los Angeles, CA",773,260
15000US060372172004,"BG 4, Tract 2172, Los Angeles, CA",1812,571
15000US060372181101,"BG 1, Tract 2181.10, Los Angeles, CA",2214,682
15000US060372181102,"BG 2, Tract 2181.10, Los Angeles, CA",953,376
15000US060372181201,"BG 1, Tract 2181.20, Los Angeles, CA",2326,482
15000US060372181202,"BG 2, Tract 2181.20, Los Angeles, CA",799,352
15000US060372181203,"BG 3, Tract 2181.20, Los Angeles, CA",446,168
15000US060372182101,"BG 1, Tract 2182.10, Los Angeles, CA",1305,631
15000US060372182102,"BG 2, Tract 2182.10, Los Angeles, CA",1361,347
15000US060372182103,"BG 3, Tract 2182.10, Los Angeles, CA",1458,522
15000US060372182201,"BG 1, Tract 2182.20, Los Angeles, CA",1177,416
15000US060372182202,"BG 2, Tract 2182.20, Los Angeles, CA",2331,507
15000US060372182203,"BG 3, Tract 2182.20, Los Angeles, CA",534,290
15000US060372183001,"BG 1, Tract 2183, Los Angeles, CA",1324,474
15000US060372183002,"BG 2, Tract 2183, Los Angeles, CA",536,270
15000US060372183003,"BG 3, Tract 2183, Los Angeles, CA",539,277
15000US060372183004,"BG 4, Tract 2183, Los Angeles, CA",1091,362
15000US060372183005,"BG 5, Tract 2183, Los Angeles, CA",1321,776
15000US060372184001,"BG 1, Tract 2184, Los Angeles, CA",1377,378
15000US060372184002,"BG 2, Tract 2184, Los Angeles, CA",807,265
15000US060372184003,"BG 3, Tract 2184, Los Angeles, CA",1094,724
15000US060372184004,"BG 4, Tract 2184, Los Angeles, CA",718,272
15000US060372185001,"BG 1, Tract 2185, Los Angeles, CA",1257,345
15000US060372185002,"BG 2, Tract 2185, Los Angeles, CA",1482,279
15000US060372186001,"BG 1, Tract 2186, Los Angeles, CA",1027,253
15000US060372186002,"BG 2, Tract 2186, Los Angeles, CA",866,341
15000US060372186003,"BG 3, Tract 2186, Los Angeles, CA",1236,338
15000US060372187011,"BG 1, Tract 2187.01, Los Angeles, CA",785,222
15000US060372187012,"BG 2, Tract 2187.01, Los Angeles, CA",1095,338
15000US060372187021,"BG 1, Tract 2187.02, Los Angeles, CA",1519,473
15000US060372187022,"BG 2, Tract 2187.02, Los Angeles, CA",1186,305
15000US060372188001,"BG 1, Tract 2188, Los Angeles, CA",1715,359
15000US060372188002,"BG 2, Tract 2188, Los Angeles, CA",1017,297
15000US060372189001,"BG 1, Tract 2189, Los Angeles, CA",1146,361
15000US060372189002,"BG 2, Tract 2189, Los Angeles, CA",1325,447
15000US060372189003,"BG 3, Tract 2189, Los Angeles, CA",2973,953
15000US060372190101,"BG 1, Tract 2190.10, Los Angeles, CA",1790,544
15000US060372190102,"BG 2, Tract 2190.10, Los Angeles, CA",1424,395
15000US060372190201,"BG 1, Tract 2190.20, Los Angeles, CA",1633,633
15000US060372190202,"BG 2, Tract 2190.20, Los Angeles, CA",1410,448
15000US060372190203,"BG 3, Tract 2190.20, Los Angeles, CA",1283,494
15000US060372193001,"BG 1, Tract 2193, Los Angeles, CA",1127,641
15000US060372193002,"BG 2, Tract 2193, Los Angeles, CA",959,297
15000US060372193003,"BG 3, Tract 2193, Los Angeles, CA",1686,443
15000US060372195001,"BG 1, Tract 2195, Los Angeles, CA",919,199
15000US060372195002,"BG 2, Tract 2195, Los Angeles, CA",1046,234
15000US060372197001,"BG 1, Tract 2197, Los Angeles, CA",1581,421
15000US060372197002,"BG 2, Tract 2197, Los Angeles, CA",697,277
15000US060372197003,"BG 3, Tract 2197, Los Angeles, CA",1920,843
15000US060372198001,"BG 1, Tract 2198, Los Angeles, CA",693,292
15000US060372198002,"BG 2, Tract 2198, Los Angeles, CA",1316,344
15000US060372198003,"BG 3, Tract 2198, Los Angeles, CA",1024,319
15000US060372199011,"BG 1, Tract 2199.01, Los Angeles, CA",1117,428
15000US060372199012,"BG 2, Tract 2199.01, Los Angeles, CA",2796,1041
15000US060372199013,"BG 3, Tract 2199.01, Los Angeles, CA",1293,526
15000US060372199021,"BG 1, Tract 2199.02, Los Angeles, CA",1684,582
15000US060372199022,"BG 2, Tract 2199.02, Los Angeles, CA",1047,324
15000US060372199023,"BG 3, Tract 2199.02, Los Angeles, CA",778,279
15000US060372200001,"BG 1, Tract 2200, Los Angeles, CA",965,364
15000US060372200002,"BG 2, Tract 2200, Los Angeles, CA",1015,461
15000US060372200003,"BG 3, Tract 2200, Los Angeles, CA",944,367
15000US060372200004,"BG 4, Tract 2200, Los Angeles, CA",653,740
15000US060372200005,"BG 5, Tract 2200, Los Angeles, CA",928,375
15000US060372201001,"BG 1, Tract 2201, Los Angeles, CA",960,258
15000US060372201002,"BG 2, Tract 2201, Los Angeles, CA",615,193
15000US060372201003,"BG 3, Tract 2201, Los Angeles, CA",888,364
15000US060372211101,"BG 1, Tract 2211.10, Los Angeles, CA",643,247
15000US060372211102,"BG 2, Tract 2211.10, Los Angeles, CA",2394,581
15000US060372211201,"BG 1, Tract 2211.20, Los Angeles, CA",1591,407
15000US060372211202,"BG 2, Tract 2211.20, Los Angeles, CA",1355,351
15000US060372212101,"BG 1, Tract 2212.10, Los Angeles, CA",787,295
15000US060372212102,"BG 2, Tract 2212.10, Los Angeles, CA",2158,590
15000US060372212201,"BG 1, Tract 2212.20, Los Angeles, CA",971,259
15000US060372212202,"BG 2, Tract 2212.20, Los Angeles, CA",1781,355
15000US060372213021,"BG 1, Tract 2213.02, Los Angeles, CA",1602,425
15000US060372213022,"BG 2, Tract 2213.02, Los Angeles, CA",1657,515
15000US060372213031,"BG 1, Tract 2213.03, Los Angeles, CA",1725,516
15000US060372213032,"BG 2, Tract 2213.03, Los Angeles, CA",806,278
15000US060372213041,"BG 1, Tract 2213.04, Los Angeles, CA",2267,681
15000US060372213042,"BG 2, Tract 2213.04, Los Angeles, CA",1440,484
15000US060372214011,"BG 1, Tract 2214.01, Los Angeles, CA",775,292
15000US060372214012,"BG 2, Tract 2214.01, Los Angeles, CA",2190,498
15000US060372214021,"BG 1, Tract 2214.02, Los Angeles, CA",1768,331
15000US060372214022,"BG 2, Tract 2214.02, Los Angeles, CA",1197,448
15000US060372215001,"BG 1, Tract 2215, Los Angeles, CA",1533,321
15000US060372215002,"BG 2, Tract 2215, Los Angeles, CA",1994,649
15000US060372216011,"BG 1, Tract 2216.01, Los Angeles, CA",2056,432
15000US060372216012,"BG 2, Tract 2216.01, Los Angeles, CA",1208,369
15000US060372216021,"BG 1, Tract 2216.02, Los Angeles, CA",756,241
15000US060372216022,"BG 2, Tract 2216.02, Los Angeles, CA",1467,354
15000US060372217101,"BG 1, Tract 2217.10, Los Angeles, CA",1643,355
15000US060372217102,"BG 2, Tract 2217.10, Los Angeles, CA",1015,310
15000US060372218101,"BG 1, Tract 2218.10, Los Angeles, CA",1089,279
15000US060372218102,"BG 2, Tract 2218.10, Los Angeles, CA",1344,309
15000US060372218201,"BG 1, Tract 2218.20, Los Angeles, CA",678,264
15000US060372218202,"BG 2, Tract 2218.20, Los Angeles, CA",1851,366
15000US060372219001,"BG 1, Tract 2219, Los Angeles, CA",3514,400
15000US060372219002,"BG 2, Tract 2219, Los Angeles, CA",1058,455
15000US060372220011,"BG 1, Tract 2220.01, Los Angeles, CA",1769,402
15000US060372220012,"BG 2, Tract 2220.01, Los Angeles, CA",1068,340
15000US060372220021,"BG 1, Tract 2220.02, Los Angeles, CA",1291,436
15000US060372220022,"BG 2, Tract 2220.02, Los Angeles, CA",1069,496
15000US060372220023,"BG 3, Tract 2220.02, Los Angeles, CA",955,539
15000US060372220024,"BG 4, Tract 2220.02, Los Angeles, CA",1404,449
15000US060372221001,"BG 1, Tract 2221, Los Angeles, CA",1778,601
15000US060372221002,"BG 2, Tract 2221, Los Angeles, CA",1638,680
15000US060372221003,"BG 3, Tract 2221, Los Angeles, CA",670,367
15000US060372222001,"BG 1, Tract 2222, Los Angeles, CA",1997,537
15000US060372222002,"BG 2, Tract 2222, Los Angeles, CA",1645,455
15000US060372225001,"BG 1, Tract 2225, Los Angeles, CA",678,325
15000US060372225002,"BG 2, Tract 2225, Los Angeles, CA",1970,655
15000US060372225003,"BG 3, Tract 2225, Los Angeles, CA",1546,474
15000US060372226001,"BG 1, Tract 2226, Los Angeles, CA",1159,411
15000US060372226002,"BG 2, Tract 2226, Los Angeles, CA",2694,650
15000US060372226003,"BG 3, Tract 2226, Los Angeles, CA",1415,598
15000US060372227001,"BG 1, Tract 2227, Los Angeles, CA",4316,201
15000US060372240101,"BG 1, Tract 2240.10, Los Angeles, CA",1513,306
15000US060372240102,"BG 2, Tract 2240.10, Los Angeles, CA",1461,437
15000US060372240201,"BG 1, Tract 2240.20, Los Angeles, CA",1042,238
15000US060372240202,"BG 2, Tract 2240.20, Los Angeles, CA",1774,607
15000US060372242001,"BG 1, Tract 2242, Los Angeles, CA",1199,319
15000US060372242002,"BG 2, Tract 2242, Los Angeles, CA",975,428
15000US060372243101,"BG 1, Tract 2243.10, Los Angeles, CA",887,220
15000US060372243102,"BG 2, Tract 2243.10, Los Angeles, CA",892,244
15000US060372243201,"BG 1, Tract 2243.20, Los Angeles, CA",2134,447
15000US060372243202,"BG 2, Tract 2243.20, Los Angeles, CA",1459,644
15000US060372244101,"BG 1, Tract 2244.10, Los Angeles, CA",1668,482
15000US060372244102,"BG 2, Tract 2244.10, Los Angeles, CA",1115,402
15000US060372244201,"BG 1, Tract 2244.20, Los Angeles, CA",974,302
15000US060372244202,"BG 2, Tract 2244.20, Los Angeles, CA",1194,283
15000US060372246001,"BG 1, Tract 2246, Los Angeles, CA",1959,357
15000US060372246002,"BG 2, Tract 2246, Los Angeles, CA",1119,307
15000US060372247011,"BG 1, Tract 2247.01, Los Angeles, CA",2463,122
15000US060372247021,"BG 1, Tract 2247.02, Los Angeles, CA",2508,348
15000US060372260011,"BG 1, Tract 2260.01, Los Angeles, CA",2027,384
15000US060372260021,"BG 1, Tract 2260.02, Los Angeles, CA",1227,179
15000US060372260022,"BG 2, Tract 2260.02, Los Angeles, CA",646,382
15000US060372264101,"BG 1, Tract 2264.10, Los Angeles, CA",1859,454
15000US060372264102,"BG 2, Tract 2264.10, Los Angeles, CA",1702,393
15000US060372264201,"BG 1, Tract 2264.20, Los Angeles, CA",1308,533
15000US060372264202,"BG 2, Tract 2264.20, Los Angeles, CA",1980,568
15000US060372264203,"BG 3, Tract 2264.20, Los Angeles, CA",1937,666
15000US060372267011,"BG 1, Tract 2267.01, Los Angeles, CA",1841,357
15000US060372267012,"BG 2, Tract 2267.01, Los Angeles, CA",677,260
15000US060372267021,"BG 1, Tract 2267.02, Los Angeles, CA",1856,873
15000US060372267022,"BG 2, Tract 2267.02, Los Angeles, CA",2137,764
15000US060372270101,"BG 1, Tract 2270.10, Los Angeles, CA",1333,764
15000US060372270102,"BG 2, Tract 2270.10, Los Angeles, CA",1193,544
15000US060372270103,"BG 3, Tract 2270.10, Los Angeles, CA",1753,587
15000US060372270201,"BG 1, Tract 2270.20, Los Angeles, CA",2290,689
15000US060372270202,"BG 2, Tract 2270.20, Los Angeles, CA",1216,315
15000US060372281001,"BG 1, Tract 2281, Los Angeles, CA",1711,895
15000US060372281002,"BG 2, Tract 2281, Los Angeles, CA",1707,701
15000US060372281003,"BG 3, Tract 2281, Los Angeles, CA",974,561
15000US060372282101,"BG 1, Tract 2282.10, Los Angeles, CA",1429,406
15000US060372282102,"BG 2, Tract 2282.10, Los Angeles, CA",2372,572
15000US060372282201,"BG 1, Tract 2282.20, Los Angeles, CA",1418,309
15000US060372282202,"BG 2, Tract 2282.20, Los Angeles, CA",1619,583
15000US060372282203,"BG 3, Tract 2282.20, Los Angeles, CA",1433,418
15000US060372283101,"BG 1, Tract 2283.10, Los Angeles, CA",1678,520
15000US060372283102,"BG 2, Tract 2283.10, Los Angeles, CA",1430,384
15000US060372283103,"BG 3, Tract 2283.10, Los Angeles, CA",1385,576
15000US060372283201,"BG 1, Tract 2283.20, Los Angeles, CA",901,339
15000US060372283202,"BG 2, Tract 2283.20, Los Angeles, CA",2519,791
15000US060372284101,"BG 1, Tract 2284.10, Los Angeles, CA",1507,372
15000US060372284102,"BG 2, Tract 2284.10, Los Angeles, CA",1589,534
15000US060372284201,"BG 1, Tract 2284.20, Los Angeles, CA",1214,463
15000US060372284202,"BG 2, Tract 2284.20, Los Angeles, CA",1679,362
15000US060372285001,"BG 1, Tract 2285, Los Angeles, CA",2369,1284
15000US060372285002,"BG 2, Tract 2285, Los Angeles, CA",1391,406
15000US060372285003,"BG 3, Tract 2285, Los Angeles, CA",1076,423
15000US060372286001,"BG 1, Tract 2286, Los Angeles, CA",2881,863
15000US060372286002,"BG 2, Tract 2286, Los Angeles, CA",1853,624
15000US060372287101,"BG 1, Tract 2287.10, Los Angeles, CA",2932,811
15000US060372287102,"BG 2, Tract 2287.10, Los Angeles, CA",1172,394
15000US060372287201,"BG 1, Tract 2287.20, Los Angeles, CA",1087,344
15000US060372287202,"BG 2, Tract 2287.20, Los Angeles, CA",1556,458
15000US060372287203,"BG 3, Tract 2287.20, Los Angeles, CA",2266,507
15000US060372288001,"BG 1, Tract 2288, Los Angeles, CA",2255,784
15000US060372288002,"BG 2, Tract 2288, Los Angeles, CA",2202,720
15000US060372288003,"BG 3, Tract 2288, Los Angeles, CA",918,392
15000US060372289001,"BG 1, Tract 2289, Los Angeles, CA",2092,602
15000US060372289002,"BG 2, Tract 2289, Los Angeles, CA",1095,335
15000US060372291001,"BG 1, Tract 2291, Los Angeles, CA",2698,583
15000US060372291002,"BG 2, Tract 2291, Los Angeles, CA",1874,522
15000US060372292001,"BG 1, Tract 2292, Los Angeles, CA",1493,445
15000US060372292002,"BG 2, Tract 2292, Los Angeles, CA",3057,895
15000US060372293001,"BG 1, Tract 2293, Los Angeles, CA",3084,754
15000US060372293002,"BG 2, Tract 2293, Los Angeles, CA",924,481
15000US060372293003,"BG 3, Tract 2293, Los Angeles, CA",1734,809
15000US060372294101,"BG 1, Tract 2294.10, Los Angeles, CA",2051,1024
15000US060372294102,"BG 2, Tract 2294.10, Los Angeles, CA",1846,382
15000US060372294201,"BG 1, Tract 2294.20, Los Angeles, CA",1327,428
15000US060372294202,"BG 2, Tract 2294.20, Los Angeles, CA",3284,613
15000US060372311001,"BG 1, Tract 2311, Los Angeles, CA",1327,410
15000US060372311002,"BG 2, Tract 2311, Los Angeles, CA",2080,365
15000US060372312101,"BG 1, Tract 2312.10, Los Angeles, CA",1252,566
15000US060372312102,"BG 2, Tract 2312.10, Los Angeles, CA",3009,658
15000US060372312201,"BG 1, Tract 2312.20, Los Angeles, CA",2637,502
15000US060372312202,"BG 2, Tract 2312.20, Los Angeles, CA",1506,692
15000US060372313011,"BG 1, Tract 2313.01, Los Angeles, CA",2570,416
15000US060372313021,"BG 1, Tract 2313.02, Los Angeles, CA",1830,712
15000US060372313022,"BG 2, Tract 2313.02, Los Angeles, CA",227,181
15000US060372313023,"BG 3, Tract 2313.02, Los Angeles, CA",833,280
15000US060372314001,"BG 1, Tract 2314, Los Angeles, CA",1431,455
15000US060372314002,"BG 2, Tract 2314, Los Angeles, CA",1438,535
15000US060372314003,"BG 3, Tract 2314, Los Angeles, CA",1611,556
15000US060372315001,"BG 1, Tract 2315, Los Angeles, CA",1527,580
15000US060372315002,"BG 2, Tract 2315, Los Angeles, CA",2212,699
15000US060372315003,"BG 3, Tract 2315, Los Angeles, CA",1309,479
15000US060372316011,"BG 1, Tract 2316.01, Los Angeles, CA",1008,377
15000US060372316012,"BG 2, Tract 2316.01, Los Angeles, CA",1222,544
15000US060372316021,"BG 1, Tract 2316.02, Los Angeles, CA",1068,256
15000US060372316022,"BG 2, Tract 2316.02, Los Angeles, CA",802,293
15000US060372316031,"BG 1, Tract 2316.03, Los Angeles, CA",1101,473
15000US060372316032,"BG 2, Tract 2316.03, Los Angeles, CA",1794,327
15000US060372317101,"BG 1, Tract 2317.10, Los Angeles, CA",721,341
15000US060372317102,"BG 2, Tract 2317.10, Los Angeles, CA",1803,669
15000US060372317103,"BG 3, Tract 2317.10, Los Angeles, CA",1502,379
15000US060372317201,"BG 1, Tract 2317.20, Los Angeles, CA",3371,759
15000US060372317202,"BG 2, Tract 2317.20, Los Angeles, CA",735,446
15000US060372317203,"BG 3, Tract 2317.20, Los Angeles, CA",1068,557
15000US060372318001,"BG 1, Tract 2318, Los Angeles, CA",1019,439
15000US060372318002,"BG 2, Tract 2318, Los Angeles, CA",1267,655
15000US060372318003,"BG 3, Tract 2318, Los Angeles, CA",1833,657
15000US060372318004,"BG 4, Tract 2318, Los Angeles, CA",1350,477
15000US060372319011,"BG 1, Tract 2319.01, Los Angeles, CA",3440,1048
15000US060372319021,"BG 1, Tract 2319.02, Los Angeles, CA",1932,628
15000US060372319022,"BG 2, Tract 2319.02, Los Angeles, CA",1275,345
15000US060372321101,"BG 1, Tract 2321.10, Los Angeles, CA",1601,552
15000US060372321102,"BG 2, Tract 2321.10, Los Angeles, CA",1890,456
15000US060372321201,"BG 1, Tract 2321.20, Los Angeles, CA",1685,618
15000US060372321202,"BG 2, Tract 2321.20, Los Angeles, CA",1242,414
15000US060372321203,"BG 3, Tract 2321.20, Los Angeles, CA",2008,688
15000US060372322001,"BG 1, Tract 2322, Los Angeles, CA",1405,434
15000US060372322002,"BG 2, Tract 2322, Los Angeles, CA",1128,486
15000US060372322003,"BG 3, Tract 2322, Los Angeles, CA",1232,307
15000US060372323001,"BG 1, Tract 2323, Los Angeles, CA",1971,555
15000US060372323002,"BG 2, Tract 2323, Los Angeles, CA",1651,528
15000US060372323003,"BG 3, Tract 2323, Los Angeles, CA",1144,524
15000US060372324011,"BG 1, Tract 2324.01, Los Angeles, CA",1215,669
15000US060372324012,"BG 2, Tract 2324.01, Los Angeles, CA",1281,482
15000US060372324013,"BG 3, Tract 2324.01, Los Angeles, CA",1086,376
15000US060372324021,"BG 1, Tract 2324.02, Los Angeles, CA",875,329
15000US060372324022,"BG 2, Tract 2324.02, Los Angeles, CA",2223,448
15000US060372325001,"BG 1, Tract 2325, Los Angeles, CA",2486,779
15000US060372325002,"BG 2, Tract 2325, Los Angeles, CA",1257,529
15000US060372325003,"BG 3, Tract 2325, Los Angeles, CA",1159,672
15000US060372325004,"BG 4, Tract 2325, Los Angeles, CA",520,304
15000US060372326011,"BG 1, Tract 2326.01, Los Angeles, CA",1688,323
15000US060372326021,"BG 1, Tract 2326.02, Los Angeles, CA",2853,711
15000US060372326022,"BG 2, Tract 2326.02, Los Angeles, CA",2671,727
15000US060372327011,"BG 1, Tract 2327.01, Los Angeles, CA",2348,423
15000US060372327021,"BG 1, Tract 2327.02, Los Angeles, CA",2600,898
15000US060372327022,"BG 2, Tract 2327.02, Los Angeles, CA",1814,583
15000US060372328001,"BG 1, Tract 2328, Los Angeles, CA",1856,481
15000US060372328002,"BG 2, Tract 2328, Los Angeles, CA",2328,738
15000US060372340011,"BG 1, Tract 2340.01, Los Angeles, CA",760,234
15000US060372340012,"BG 2, Tract 2340.01, Los Angeles, CA",1045,476
15000US060372340013,"BG 3, Tract 2340.01, Los Angeles, CA",712,266
15000US060372340021,"BG 1, Tract 2340.02, Los Angeles, CA",1850,303
15000US060372340022,"BG 2, Tract 2340.02, Los Angeles, CA",1046,487
15000US060372342001,"BG 1, Tract 2342, Los Angeles, CA",936,348
15000US060372342002,"BG 2, Tract 2342, Los Angeles, CA",506,247
15000US060372342003,"BG 3, Tract 2342, Los Angeles, CA",1163,323
15000US060372343011,"BG 1, Tract 2343.01, Los Angeles, CA",1053,412
15000US060372343012,"BG 2, Tract 2343.01, Los Angeles, CA",726,207
15000US060372343021,"BG 1, Tract 2343.02, Los Angeles, CA",1549,458
15000US060372343022,"BG 2, Tract 2343.02, Los Angeles, CA",910,270
15000US060372345011,"BG 1, Tract 2345.01, Los Angeles, CA",994,261
15000US060372345012,"BG 2, Tract 2345.01, Los Angeles, CA",1776,539
15000US060372345021,"BG 1, Tract 2345.02, Los Angeles, CA",627,232
15000US060372345022,"BG 2, Tract 2345.02, Los Angeles, CA",791,396
15000US060372345023,"BG 3, Tract 2345.02, Los Angeles, CA",1183,502
15000US060372346001,"BG 1, Tract 2346, Los Angeles, CA",1084,389
15000US060372346002,"BG 2, Tract 2346, Los Angeles, CA",959,456
15000US060372346003,"BG 3, Tract 2346, Los Angeles, CA",723,322
15000US060372346004,"BG 4, Tract 2346, Los Angeles, CA",1928,475
15000US060372347001,"BG 1, Tract 2347, Los Angeles, CA",562,300
15000US060372347002,"BG 2, Tract 2347, Los Angeles, CA",726,403
15000US060372347003,"BG 3, Tract 2347, Los Angeles, CA",1555,574
15000US060372347004,"BG 4, Tract 2347, Los Angeles, CA",995,453
15000US060372348001,"BG 1, Tract 2348, Los Angeles, CA",733,289
15000US060372348002,"BG 2, Tract 2348, Los Angeles, CA",1369,470
15000US060372348003,"BG 3, Tract 2348, Los Angeles, CA",753,460
15000US060372348004,"BG 4, Tract 2348, Los Angeles, CA",679,375
15000US060372349011,"BG 1, Tract 2349.01, Los Angeles, CA",919,487
15000US060372349012,"BG 2, Tract 2349.01, Los Angeles, CA",1997,579
15000US060372349021,"BG 1, Tract 2349.02, Los Angeles, CA",978,483
15000US060372349022,"BG 2, Tract 2349.02, Los Angeles, CA",1579,417
15000US060372349023,"BG 3, Tract 2349.02, Los Angeles, CA",1978,692
15000US060372351001,"BG 1, Tract 2351, Los Angeles, CA",1065,465
15000US060372351002,"BG 2, Tract 2351, Los Angeles, CA",1020,387
15000US060372351003,"BG 3, Tract 2351, Los Angeles, CA",992,431
15000US060372351004,"BG 4, Tract 2351, Los Angeles, CA",955,319
15000US060372352011,"BG 1, Tract 2352.01, Los Angeles, CA",1212,653
15000US060372352012,"BG 2, Tract 2352.01, Los Angeles, CA",760,282
15000US060372352013,"BG 3, Tract 2352.01, Los Angeles, CA",908,212
15000US060372352021,"BG 1, Tract 2352.02, Los Angeles, CA",1541,335
15000US060372352022,"BG 2, Tract 2352.02, Los Angeles, CA",1186,291
15000US060372352023,"BG 3, Tract 2352.02, Los Angeles, CA",1160,508
15000US060372360011,"BG 1, Tract 2360.01, Los Angeles, CA",1669,409
15000US060372360012,"BG 2, Tract 2360.01, Los Angeles, CA",1207,490
15000US060372360013,"BG 3, Tract 2360.01, Los Angeles, CA",590,230
15000US060372360014,"BG 4, Tract 2360.01, Los Angeles, CA",597,217
15000US060372361011,"BG 1, Tract 2361.01, Los Angeles, CA",1525,324
15000US060372361012,"BG 2, Tract 2361.01, Los Angeles, CA",1081,357
15000US060372361021,"BG 1, Tract 2361.02, Los Angeles, CA",1410,578
15000US060372361022,"BG 2, Tract 2361.02, Los Angeles, CA",2100,689
15000US060372362031,"BG 1, Tract 2362.03, Los Angeles, CA",2436,678
15000US060372362032,"BG 2, Tract 2362.03, Los Angeles, CA",1179,414
15000US060372362041,"BG 1, Tract 2362.04, Los Angeles, CA",2353,533
15000US060372362042,"BG 2, Tract 2362.04, Los Angeles, CA",1034,368
15000US060372362051,"BG 1, Tract 2362.05, Los Angeles, CA",2298,416
15000US060372362052,"BG 2, Tract 2362.05, Los Angeles, CA",772,553
15000US060372362061,"BG 1, Tract 2362.06, Los Angeles, CA",2169,565
15000US060372362062,"BG 2, Tract 2362.06, Los Angeles, CA",1006,428
15000US060372364001,"BG 1, Tract 2364, Los Angeles, CA",1254,533
15000US060372364002,"BG 2, Tract 2364, Los Angeles, CA",1557,506
15000US060372364003,"BG 3, Tract 2364, Los Angeles, CA",1579,379
15000US060372371011,"BG 1, Tract 2371.01, Los Angeles, CA",1100,488
15000US060372371012,"BG 2, Tract 2371.01, Los Angeles, CA",883,350
15000US060372371013,"BG 3, Tract 2371.01, Los Angeles, CA",1093,557
15000US060372371014,"BG 4, Tract 2371.01, Los Angeles, CA",1060,571
15000US060372371021,"BG 1, Tract 2371.02, Los Angeles, CA",1697,514
15000US060372371022,"BG 2, Tract 2371.02, Los Angeles, CA",2273,529
15000US060372372011,"BG 1, Tract 2372.01, Los Angeles, CA",1308,427
15000US060372372012,"BG 2, Tract 2372.01, Los Angeles, CA",1567,531
15000US060372372013,"BG 3, Tract 2372.01, Los Angeles, CA",891,428
15000US060372372021,"BG 1, Tract 2372.02, Los Angeles, CA",1094,755
15000US060372372022,"BG 2, Tract 2372.02, Los Angeles, CA",722,451
15000US060372372023,"BG 3, Tract 2372.02, Los Angeles, CA",1480,630
15000US060372372024,"BG 4, Tract 2372.02, Los Angeles, CA",1108,453
15000US060372373001,"BG 1, Tract 2373, Los Angeles, CA",1208,736
15000US060372373002,"BG 2, Tract 2373, Los Angeles, CA",1595,1079
15000US060372373003,"BG 3, Tract 2373, Los Angeles, CA",1004,385
15000US060372373004,"BG 4, Tract 2373, Los Angeles, CA",1166,449
15000US060372373005,"BG 5, Tract 2373, Los Angeles, CA",789,446
15000US060372374011,"BG 1, Tract 2374.01, Los Angeles, CA",1136,636
15000US060372374012,"BG 2, Tract 2374.01, Los Angeles, CA",768,474
15000US060372374013,"BG 3, Tract 2374.01, Los Angeles, CA",2002,488
15000US060372374021,"BG 1, Tract 2374.02, Los Angeles, CA",957,344
15000US060372374022,"BG 2, Tract 2374.02, Los Angeles, CA",1771,637
15000US060372374023,"BG 3, Tract 2374.02, Los Angeles, CA",890,410
15000US060372375001,"BG 1, Tract 2375, Los Angeles, CA",1095,290
15000US060372375002,"BG 2, Tract 2375, Los Angeles, CA",1632,546
15000US060372376001,"BG 1, Tract 2376, Los Angeles, CA",1391,708
15000US060372376002,"BG 2, Tract 2376, Los Angeles, CA",1145,437
15000US060372376003,"BG 3, Tract 2376, Los Angeles, CA",853,440
15000US060372376004,"BG 4, Tract 2376, Los Angeles, CA",703,186
15000US060372377101,"BG 1, Tract 2377.10, Los Angeles, CA",2392,1080
15000US060372377102,"BG 2, Tract 2377.10, Los Angeles, CA",1980,610
15000US060372377201,"BG 1, Tract 2377.20, Los Angeles, CA",1496,449
15000US060372377202,"BG 2, Tract 2377.20, Los Angeles, CA",1951,618
15000US060372378001,"BG 1, Tract 2378, Los Angeles, CA",1612,357
15000US060372378002,"BG 2, Tract 2378, Los Angeles, CA",1051,405
15000US060372378003,"BG 3, Tract 2378, Los Angeles, CA",724,385
15000US060372378004,"BG 4, Tract 2378, Los Angeles, CA",773,371
15000US060372379001,"BG 1, Tract 2379, Los Angeles, CA",1148,468
15000US060372379002,"BG 2, Tract 2379, Los Angeles, CA",852,470
15000US060372379003,"BG 3, Tract 2379, Los Angeles, CA",1033,513
15000US060372379004,"BG 4, Tract 2379, Los Angeles, CA",1007,545
15000US060372380001,"BG 1, Tract 2380, Los Angeles, CA",906,424
15000US060372380002,"BG 2, Tract 2380, Los Angeles, CA",872,471
15000US060372380003,"BG 3, Tract 2380, Los Angeles, CA",875,504
15000US060372380004,"BG 4, Tract 2380, Los Angeles, CA",295,204
15000US060372380005,"BG 5, Tract 2380, Los Angeles, CA",1379,789
15000US060372380006,"BG 6, Tract 2380, Los Angeles, CA",1111,406
15000US060372381001,"BG 1, Tract 2381, Los Angeles, CA",2521,860
15000US060372381002,"BG 2, Tract 2381, Los Angeles, CA",1016,620
15000US060372381003,"BG 3, Tract 2381, Los Angeles, CA",796,337
15000US060372381004,"BG 4, Tract 2381, Los Angeles, CA",872,356
15000US060372382001,"BG 1, Tract 2382, Los Angeles, CA",1840,799
15000US060372382002,"BG 2, Tract 2382, Los Angeles, CA",1687,831
15000US060372382003,"BG 3, Tract 2382, Los Angeles, CA",1418,767
15000US060372382004,"BG 4, Tract 2382, Los Angeles, CA",1882,944
15000US060372383101,"BG 1, Tract 2383.10, Los Angeles, CA",2181,514
15000US060372383102,"BG 2, Tract 2383.10, Los Angeles, CA",2921,935
15000US060372383201,"BG 1, Tract 2383.20, Los Angeles, CA",1587,520
15000US060372383202,"BG 2, Tract 2383.20, Los Angeles, CA",1257,622
15000US060372383203,"BG 3, Tract 2383.20, Los Angeles, CA",669,302
15000US060372384001,"BG 1, Tract 2384, Los Angeles, CA",748,378
15000US060372384002,"BG 2, Tract 2384, Los Angeles, CA",1463,547
15000US060372384003,"BG 3, Tract 2384, Los Angeles, CA",1101,421
15000US060372384004,"BG 4, Tract 2384, Los Angeles, CA",1183,348
15000US060372392011,"BG 1, Tract 2392.01, Los Angeles, CA",1511,466
15000US060372392012,"BG 2, Tract 2392.01, Los Angeles, CA",1086,340
15000US060372392013,"BG 3, Tract 2392.01, Los Angeles, CA",803,325
15000US060372392021,"BG 1, Tract 2392.02, Los Angeles, CA",2230,839
15000US060372392022,"BG 2, Tract 2392.02, Los Angeles, CA",1841,966
15000US060372392023,"BG 3, Tract 2392.02, Los Angeles, CA",1314,638
15000US060372393101,"BG 1, Tract 2393.10, Los Angeles, CA",1463,680
15000US060372393102,"BG 2, Tract 2393.10, Los Angeles, CA",1373,671
15000US060372393103,"BG 3, Tract 2393.10, Los Angeles, CA",1185,447
15000US060372393201,"BG 1, Tract 2393.20, Los Angeles, CA",1301,373
15000US060372393202,"BG 2, Tract 2393.20, Los Angeles, CA",1804,452
15000US060372393301,"BG 1, Tract 2393.30, Los Angeles, CA",2118,901
15000US060372393302,"BG 2, Tract 2393.30, Los Angeles, CA",1001,295
15000US060372395011,"BG 1, Tract 2395.01, Los Angeles, CA",1156,362
15000US060372395012,"BG 2, Tract 2395.01, Los Angeles, CA",884,329
15000US060372395013,"BG 3, Tract 2395.01, Los Angeles, CA",1543,374
15000US060372395021,"BG 1, Tract 2395.02, Los Angeles, CA",1351,377
15000US060372395022,"BG 2, Tract 2395.02, Los Angeles, CA",1352,495
15000US060372395023,"BG 3, Tract 2395.02, Los Angeles, CA",988,372
15000US060372396011,"BG 1, Tract 2396.01, Los Angeles, CA",2122,543
15000US060372396012,"BG 2, Tract 2396.01, Los Angeles, CA",1631,407
15000US060372396021,"BG 1, Tract 2396.02, Los Angeles, CA",2165,548
15000US060372396022,"BG 2, Tract 2396.02, Los Angeles, CA",1588,417
15000US060372397011,"BG 1, Tract 2397.01, Los Angeles, CA",2007,538
15000US060372397012,"BG 2, Tract 2397.01, Los Angeles, CA",2014,867
15000US060372397021,"BG 1, Tract 2397.02, Los Angeles, CA",873,343
15000US060372397022,"BG 2, Tract 2397.02, Los Angeles, CA",1642,588
15000US060372397023,"BG 3, Tract 2397.02, Los Angeles, CA",2172,834
15000US060372398011,"BG 1, Tract 2398.01, Los Angeles, CA",1587,485
15000US060372398012,"BG 2, Tract 2398.01, Los Angeles, CA",1030,307
15000US060372398013,"BG 3, Tract 2398.01, Los Angeles, CA",1557,509
15000US060372398021,"BG 1, Tract 2398.02, Los Angeles, CA",1580,880
15000US060372398022,"BG 2, Tract 2398.02, Los Angeles, CA",1638,563
15000US060372398023,"BG 3, Tract 2398.02, Los Angeles, CA",1049,373
15000US060372398024,"BG 4, Tract 2398.02, Los Angeles, CA",1159,451
15000US060372400101,"BG 1, Tract 2400.10, Los Angeles, CA",2196,561
15000US060372400102,"BG 2, Tract 2400.10, Los Angeles, CA",1766,370
15000US060372400201,"BG 1, Tract 2400.20, Los Angeles, CA",1773,534
15000US060372400202,"BG 2, Tract 2400.20, Los Angeles, CA",2222,780
15000US060372400203,"BG 3, Tract 2400.20, Los Angeles, CA",1371,509
15000US060372402001,"BG 1, Tract 2402, Los Angeles, CA",861,364
15000US060372402002,"BG 2, Tract 2402, Los Angeles, CA",3214,974
15000US060372402003,"BG 3, Tract 2402, Los Angeles, CA",1662,655
15000US060372403011,"BG 1, Tract 2403.01, Los Angeles, CA",1211,374
15000US060372403012,"BG 2, Tract 2403.01, Los Angeles, CA",1659,516
15000US060372403021,"BG 1, Tract 2403.02, Los Angeles, CA",1916,517
15000US060372403022,"BG 2, Tract 2403.02, Los Angeles, CA",1097,402
15000US060372404011,"BG 1, Tract 2404.01, Los Angeles, CA",1358,465
15000US060372404012,"BG 2, Tract 2404.01, Los Angeles, CA",2901,807
15000US060372404013,"BG 3, Tract 2404.01, Los Angeles, CA",1652,623
15000US060372404021,"BG 1, Tract 2404.02, Los Angeles, CA",1680,483
15000US060372404022,"BG 2, Tract 2404.02, Los Angeles, CA",1423,658
15000US060372404023,"BG 3, Tract 2404.02, Los Angeles, CA",801,450
15000US060372405001,"BG 1, Tract 2405, Los Angeles, CA",1346,494
15000US060372405002,"BG 2, Tract 2405, Los Angeles, CA",1475,657
15000US060372405003,"BG 3, Tract 2405, Los Angeles, CA",2217,951
15000US060372405004,"BG 4, Tract 2405, Los Angeles, CA",1377,607
15000US060372406001,"BG 1, Tract 2406, Los Angeles, CA",906,422
15000US060372406002,"BG 2, Tract 2406, Los Angeles, CA",1481,748
15000US060372406003,"BG 3, Tract 2406, Los Angeles, CA",1331,540
15000US060372406004,"BG 4, Tract 2406, Los Angeles, CA",1089,351
15000US060372407001,"BG 1, Tract 2407, Los Angeles, CA",1709,524
15000US060372407002,"BG 2, Tract 2407, Los Angeles, CA",688,305
15000US060372407003,"BG 3, Tract 2407, Los Angeles, CA",1476,560
15000US060372407004,"BG 4, Tract 2407, Los Angeles, CA",1564,554
15000US060372407005,"BG 5, Tract 2407, Los Angeles, CA",992,473
15000US060372408001,"BG 1, Tract 2408, Los Angeles, CA",958,300
15000US060372408002,"BG 2, Tract 2408, Los Angeles, CA",2073,549
15000US060372408003,"BG 3, Tract 2408, Los Angeles, CA",1718,741
15000US060372409011,"BG 1, Tract 2409.01, Los Angeles, CA",1243,406
15000US060372409012,"BG 2, Tract 2409.01, Los Angeles, CA",1260,473
15000US060372409021,"BG 1, Tract 2409.02, Los Angeles, CA",1344,471
15000US060372409022,"BG 2, Tract 2409.02, Los Angeles, CA",2270,1071
15000US060372410011,"BG 1, Tract 2410.01, Los Angeles, CA",654,313
15000US060372410012,"BG 2, Tract 2410.01, Los Angeles, CA",1607,778
15000US060372410013,"BG 3, Tract 2410.01, Los Angeles, CA",2196,821
15000US060372410021,"BG 1, Tract 2410.02, Los Angeles, CA",1869,638
15000US060372410022,"BG 2, Tract 2410.02, Los Angeles, CA",1037,469
15000US060372410023,"BG 3, Tract 2410.02, Los Angeles, CA",924,388
15000US060372411101,"BG 1, Tract 2411.10, Los Angeles, CA",2032,766
15000US060372411102,"BG 2, Tract 2411.10, Los Angeles, CA",1553,430
15000US060372411201,"BG 1, Tract 2411.20, Los Angeles, CA",1199,522
15000US060372411202,"BG 2, Tract 2411.20, Los Angeles, CA",894,476
15000US060372411203,"BG 3, Tract 2411.20, Los Angeles, CA",814,437
15000US060372411204,"BG 4, Tract 2411.20, Los Angeles, CA",1338,602
15000US060372412011,"BG 1, Tract 2412.01, Los Angeles, CA",1354,357
15000US060372412012,"BG 2, Tract 2412.01, Los Angeles, CA",863,292
15000US060372412013,"BG 3, Tract 2412.01, Los Angeles, CA",930,518
15000US060372412021,"BG 1, Tract 2412.02, Los Angeles, CA",560,245
15000US060372412022,"BG 2, Tract 2412.02, Los Angeles, CA",1246,827
15000US060372412023,"BG 3, Tract 2412.02, Los Angeles, CA",1050,501
15000US060372412024,"BG 4, Tract 2412.02, Los Angeles, CA",929,328
15000US060372412025,"BG 5, Tract 2412.02, Los Angeles, CA",1040,408
15000US060372413001,"BG 1, Tract 2413, Los Angeles, CA",815,252
15000US060372413002,"BG 2, Tract 2413, Los Angeles, CA",1563,312
15000US060372414001,"BG 1, Tract 2414, Los Angeles, CA",1724,496
15000US060372414002,"BG 2, Tract 2414, Los Angeles, CA",2177,438
15000US060372420001,"BG 1, Tract 2420, Los Angeles, CA",1375,502
15000US060372420002,"BG 2, Tract 2420, Los Angeles, CA",1868,616
15000US060372420003,"BG 3, Tract 2420, Los Angeles, CA",918,459
15000US060372421001,"BG 1, Tract 2421, Los Angeles, CA",2402,518
15000US060372422011,"BG 1, Tract 2422.01, Los Angeles, CA",2599,667
15000US060372422012,"BG 2, Tract 2422.01, Los Angeles, CA",1405,503
15000US060372422021,"BG 1, Tract 2422.02, Los Angeles, CA",1053,333
15000US060372422022,"BG 2, Tract 2422.02, Los Angeles, CA",1676,469
15000US060372423001,"BG 1, Tract 2423, Los Angeles, CA",2896,858
15000US060372423002,"BG 2, Tract 2423, Los Angeles, CA",1153,391
15000US060372423003,"BG 3, Tract 2423, Los Angeles, CA",802,417
15000US060372426001,"BG 1, Tract 2426, Los Angeles, CA",1472,654
15000US060372426002,"BG 2, Tract 2426, Los Angeles, CA",2069,695
15000US060372426003,"BG 3, Tract 2426, Los Angeles, CA",1173,720
15000US060372427001,"BG 1, Tract 2427, Los Angeles, CA",564,321
15000US060372427002,"BG 2, Tract 2427, Los Angeles, CA",2159,759
15000US060372427003,"BG 3, Tract 2427, Los Angeles, CA",2000,682
15000US060372430011,"BG 1, Tract 2430.01, Los Angeles, CA",2278,759
15000US060372430012,"BG 2, Tract 2430.01, Los Angeles, CA",968,311
15000US060372430021,"BG 1, Tract 2430.02, Los Angeles, CA",1349,424
15000US060372430022,"BG 2, Tract 2430.02, Los Angeles, CA",1372,420
15000US060372431001,"BG 1, Tract 2431, Los Angeles, CA",2317,652
15000US060372431002,"BG 2, Tract 2431, Los Angeles, CA",2027,654
15000US060372431003,"BG 3, Tract 2431, Los Angeles, CA",842,341
15000US060372611021,"BG 1, Tract 2611.02, Los Angeles, CA",546,218
15000US060372611022,"BG 2, Tract 2611.02, Los Angeles, CA",1623,555
15000US060372611023,"BG 3, Tract 2611.02, Los Angeles, CA",1821,463
15000US060372611031,"BG 1, Tract 2611.03, Los Angeles, CA",1722,443
15000US060372611041,"BG 1, Tract 2611.04, Los Angeles, CA",1672,372
15000US060372612001,"BG 1, Tract 2612, Los Angeles, CA",2494,413
15000US060372612002,"BG 2, Tract 2612, Los Angeles, CA",1386,474
15000US060372621001,"BG 1, Tract 2621, Los Angeles, CA",786,345
15000US060372621002,"BG 2, Tract 2621, Los Angeles, CA",374,249
15000US060372621003,"BG 3, Tract 2621, Los Angeles, CA",1561,405
15000US060372622001,"BG 1, Tract 2622, Los Angeles, CA",1171,358
15000US060372622002,"BG 2, Tract 2622, Los Angeles, CA",2647,770
15000US060372622003,"BG 3, Tract 2622, Los Angeles, CA",812,250
15000US060372623011,"BG 1, Tract 2623.01, Los Angeles, CA",2976,221
15000US060372623021,"BG 1, Tract 2623.02, Los Angeles, CA",1541,363
15000US060372623022,"BG 2, Tract 2623.02, Los Angeles, CA",1399,333
15000US060372623031,"BG 1, Tract 2623.03, Los Angeles, CA",1193,231
15000US060372623032,"BG 2, Tract 2623.03, Los Angeles, CA",855,411
15000US060372623033,"BG 3, Tract 2623.03, Los Angeles, CA",776,260
15000US060372624001,"BG 1, Tract 2624, Los Angeles, CA",913,360
15000US060372624002,"BG 2, Tract 2624, Los Angeles, CA",1980,350
15000US060372625011,"BG 1, Tract 2625.01, Los Angeles, CA",966,329
15000US060372625012,"BG 2, Tract 2625.01, Los Angeles, CA",886,364
15000US060372625013,"BG 3, Tract 2625.01, Los Angeles, CA",1880,641
15000US060372626011,"BG 1, Tract 2626.01, Los Angeles, CA",1070,291
15000US060372626012,"BG 2, Tract 2626.01, Los Angeles, CA",2348,409
15000US060372626041,"BG 1, Tract 2626.04, Los Angeles, CA",751,446
15000US060372626042,"BG 2, Tract 2626.04, Los Angeles, CA",1845,1044
15000US060372626043,"BG 3, Tract 2626.04, Los Angeles, CA",1325,336
15000US060372626044,"BG 4, Tract 2626.04, Los Angeles, CA",489,219
15000US060372626045,"BG 5, Tract 2626.04, Los Angeles, CA",1474,530
15000US060372627041,"BG 1, Tract 2627.04, Los Angeles, CA",1520,350
15000US060372627042,"BG 2, Tract 2627.04, Los Angeles, CA",2075,386
15000US060372627061,"BG 1, Tract 2627.06, Los Angeles, CA",1812,503
15000US060372627062,"BG 2, Tract 2627.06, Los Angeles, CA",808,212
15000US060372627063,"BG 3, Tract 2627.06, Los Angeles, CA",763,200
15000US060372628021,"BG 1, Tract 2628.02, Los Angeles, CA",1515,340
15000US060372628022,"BG 2, Tract 2628.02, Los Angeles, CA",897,316
15000US060372628023,"BG 3, Tract 2628.02, Los Angeles, CA",1224,388
15000US060372640001,"BG 1, Tract 2640, Los Angeles, CA",718,289
15000US060372640002,"BG 2, Tract 2640, Los Angeles, CA",1451,310
15000US060372640003,"BG 3, Tract 2640, Los Angeles, CA",914,315
15000US060372641021,"BG 1, Tract 2641.02, Los Angeles, CA",1014,237
15000US060372641022,"BG 2, Tract 2641.02, Los Angeles, CA",1951,337
15000US060372641031,"BG 1, Tract 2641.03, Los Angeles, CA",1528,282
15000US060372641032,"BG 2, Tract 2641.03, Los Angeles, CA",1220,346
15000US060372643031,"BG 1, Tract 2643.03, Los Angeles, CA",1462,240
15000US060372643032,"BG 2, Tract 2643.03, Los Angeles, CA",1240,350
15000US060372643041,"BG 1, Tract 2643.04, Los Angeles, CA",716,365
15000US060372643042,"BG 2, Tract 2643.04, Los Angeles, CA",1548,281
15000US060372643051,"BG 1, Tract 2643.05, Los Angeles, CA",1078,303
15000US060372643052,"BG 2, Tract 2643.05, Los Angeles, CA",1519,581
15000US060372643053,"BG 3, Tract 2643.05, Los Angeles, CA",1929,1454
15000US060372643061,"BG 1, Tract 2643.06, Los Angeles, CA",1694,245
15000US060372651001,"BG 1, Tract 2651, Los Angeles, CA",1299,294
15000US060372651002,"BG 2, Tract 2651, Los Angeles, CA",1002,365
15000US060372652011,"BG 1, Tract 2652.01, Los Angeles, CA",1404,587
15000US060372652012,"BG 2, Tract 2652.01, Los Angeles, CA",1087,326
15000US060372652031,"BG 1, Tract 2652.03, Los Angeles, CA",717,300
15000US060372652032,"BG 2, Tract 2652.03, Los Angeles, CA",1276,241
15000US060372652041,"BG 1, Tract 2652.04, Los Angeles, CA",1466,409
15000US060372653011,"BG 1, Tract 2653.01, Los Angeles, CA",12987,513
15000US060372653012,"BG 2, Tract 2653.01, Los Angeles, CA",0,14
15000US060372653031,"BG 1, Tract 2653.03, Los Angeles, CA",1581,484
15000US060372653032,"BG 2, Tract 2653.03, Los Angeles, CA",1284,397
15000US060372653033,"BG 3, Tract 2653.03, Los Angeles, CA",1603,473
15000US060372653041,"BG 1, Tract 2653.04, Los Angeles, CA",2272,367
15000US060372653042,"BG 2, Tract 2653.04, Los Angeles, CA",816,338
15000US060372653061,"BG 1, Tract 2653.06, Los Angeles, CA",1806,309
15000US060372653071,"BG 1, Tract 2653.07, Los Angeles, CA",1102,263
15000US060372653072,"BG 2, Tract 2653.07, Los Angeles, CA",1305,495
15000US060372654101,"BG 1, Tract 2654.10, Los Angeles, CA",882,157
15000US060372654102,"BG 2, Tract 2654.10, Los Angeles, CA",844,364
15000US060372654201,"BG 1, Tract 2654.20, Los Angeles, CA",743,202
15000US060372654202,"BG 2, Tract 2654.20, Los Angeles, CA",893,242
15000US060372655211,"BG 1, Tract 2655.21, Los Angeles, CA",764,182
15000US060372655212,"BG 2, Tract 2655.21, Los Angeles, CA",821,175
15000US060372655221,"BG 1, Tract 2655.22, Los Angeles, CA",796,388
15000US060372655222,"BG 2, Tract 2655.22, Los Angeles, CA",1536,376
15000US060372655231,"BG 1, Tract 2655.23, Los Angeles, CA",806,220
15000US060372655232,"BG 2, Tract 2655.23, Los Angeles, CA",1480,814
15000US060372655241,"BG 1, Tract 2655.24, Los Angeles, CA",786,291
15000US060372655242,"BG 2, Tract 2655.24, Los Angeles, CA",1982,348
15000US060372656011,"BG 1, Tract 2656.01, Los Angeles, CA",1161,454
15000US060372656012,"BG 2, Tract 2656.01, Los Angeles, CA",1884,385
15000US060372656021,"BG 1, Tract 2656.02, Los Angeles, CA",1025,409
15000US060372656022,"BG 2, Tract 2656.02, Los Angeles, CA",2032,393
15000US060372657011,"BG 1, Tract 2657.01, Los Angeles, CA",1845,212
15000US060372657021,"BG 1, Tract 2657.02, Los Angeles, CA",1626,417
15000US060372657022,"BG 2, Tract 2657.02, Los Angeles, CA",623,282
15000US060372657023,"BG 3, Tract 2657.02, Los Angeles, CA",858,737
15000US060372671011,"BG 1, Tract 2671.01, Los Angeles, CA",2169,576
15000US060372671012,"BG 2, Tract 2671.01, Los Angeles, CA",722,204
15000US060372671021,"BG 1, Tract 2671.02, Los Angeles, CA",587,234
15000US060372671022,"BG 2, Tract 2671.02, Los Angeles, CA",2370,521
15000US060372672011,"BG 1, Tract 2672.01, Los Angeles, CA",1074,295
15000US060372672012,"BG 2, Tract 2672.01, Los Angeles, CA",848,367
15000US060372672013,"BG 3, Tract 2672.01, Los Angeles, CA",910,264
15000US060372672021,"BG 1, Tract 2672.02, Los Angeles, CA",1896,556
15000US060372672022,"BG 2, Tract 2672.02, Los Angeles, CA",1176,366
15000US060372672023,"BG 3, Tract 2672.02, Los Angeles, CA",707,295
15000US060372673001,"BG 1, Tract 2673, Los Angeles, CA",966,451
15000US060372673002,"BG 2, Tract 2673, Los Angeles, CA",1558,704
15000US060372673003,"BG 3, Tract 2673, Los Angeles, CA",1631,422
15000US060372674031,"BG 1, Tract 2674.03, Los Angeles, CA",981,286
15000US060372674032,"BG 2, Tract 2674.03, Los Angeles, CA",991,276
15000US060372674033,"BG 3, Tract 2674.03, Los Angeles, CA",1587,1092
15000US060372674041,"BG 1, Tract 2674.04, Los Angeles, CA",975,336
15000US060372674042,"BG 2, Tract 2674.04, Los Angeles, CA",2572,526
15000US060372674051,"BG 1, Tract 2674.05, Los Angeles, CA",881,231
15000US060372674052,"BG 2, Tract 2674.05, Los Angeles, CA",1542,339
15000US060372674061,"BG 1, Tract 2674.06, Los Angeles, CA",1932,283
15000US060372675021,"BG 1, Tract 2675.02, Los Angeles, CA",1560,326
15000US060372675022,"BG 2, Tract 2675.02, Los Angeles, CA",1721,342
15000US060372675031,"BG 1, Tract 2675.03, Los Angeles, CA",2216,790
15000US060372675041,"BG 1, Tract 2675.04, Los Angeles, CA",1526,373
15000US060372675042,"BG 2, Tract 2675.04, Los Angeles, CA",2042,529
15000US060372676001,"BG 1, Tract 2676, Los Angeles, CA",1035,303
15000US060372676002,"BG 2, Tract 2676, Los Angeles, CA",507,253
15000US060372676003,"BG 3, Tract 2676, Los Angeles, CA",927,291
15000US060372677001,"BG 1, Tract 2677, Los Angeles, CA",1605,324
15000US060372677002,"BG 2, Tract 2677, Los Angeles, CA",2148,490
15000US060372678001,"BG 1, Tract 2678, Los Angeles, CA",679,263
15000US060372678002,"BG 2, Tract 2678, Los Angeles, CA",615,225
15000US060372678003,"BG 3, Tract 2678, Los Angeles, CA",2189,334
15000US060372679011,"BG 1, Tract 2679.01, Los Angeles, CA",1922,604
15000US060372679012,"BG 2, Tract 2679.01, Los Angeles, CA",1184,340
15000US060372679021,"BG 1, Tract 2679.02, Los Angeles, CA",1045,261
15000US060372679022,"BG 2, Tract 2679.02, Los Angeles, CA",1165,285
15000US060372679023,"BG 3, Tract 2679.02, Los Angeles, CA",1399,320
15000US060372690001,"BG 1, Tract 2690, Los Angeles, CA",739,309
15000US060372690002,"BG 2, Tract 2690, Los Angeles, CA",990,505
15000US060372690003,"BG 3, Tract 2690, Los Angeles, CA",859,388
15000US060372690004,"BG 4, Tract 2690, Los Angeles, CA",1398,413
15000US060372690005,"BG 5, Tract 2690, Los Angeles, CA",881,241
15000US060372691001,"BG 1, Tract 2691, Los Angeles, CA",1103,369
15000US060372691002,"BG 2, Tract 2691, Los Angeles, CA",598,389
15000US060372691003,"BG 3, Tract 2691, Los Angeles, CA",873,345
15000US060372691004,"BG 4, Tract 2691, Los Angeles, CA",1690,887
15000US060372693001,"BG 1, Tract 2693, Los Angeles, CA",971,328
15000US060372693002,"BG 2, Tract 2693, Los Angeles, CA",719,232
15000US060372693003,"BG 3, Tract 2693, Los Angeles, CA",788,227
15000US060372693004,"BG 4, Tract 2693, Los Angeles, CA",647,201
15000US060372693005,"BG 5, Tract 2693, Los Angeles, CA",646,288
15000US060372695001,"BG 1, Tract 2695, Los Angeles, CA",625,213
15000US060372695002,"BG 2, Tract 2695, Los Angeles, CA",675,235
15000US060372695003,"BG 3, Tract 2695, Los Angeles, CA",2076,546
15000US060372695004,"BG 4, Tract 2695, Los Angeles, CA",826,283
15000US060372696011,"BG 1, Tract 2696.01, Los Angeles, CA",1143,529
15000US060372696012,"BG 2, Tract 2696.01, Los Angeles, CA",1214,557
15000US060372696013,"BG 3, Tract 2696.01, Los Angeles, CA",1108,479
15000US060372696021,"BG 1, Tract 2696.02, Los Angeles, CA",1495,493
15000US060372696022,"BG 2, Tract 2696.02, Los Angeles, CA",722,359
15000US060372697001,"BG 1, Tract 2697, Los Angeles, CA",990,353
15000US060372697002,"BG 2, Tract 2697, Los Angeles, CA",955,299
15000US060372697003,"BG 3, Tract 2697, Los Angeles, CA",1105,356
15000US060372697004,"BG 4, Tract 2697, Los Angeles, CA",808,310
15000US060372698001,"BG 1, Tract 2698, Los Angeles, CA",1471,372
15000US060372698002,"BG 2, Tract 2698, Los Angeles, CA",1669,344
15000US060372699031,"BG 1, Tract 2699.03, Los Angeles, CA",1315,333
15000US060372699032,"BG 2, Tract 2699.03, Los Angeles, CA",2172,370
15000US060372699051,"BG 1, Tract 2699.05, Los Angeles, CA",977,225
15000US060372699052,"BG 2, Tract 2699.05, Los Angeles, CA",1257,221
15000US060372699061,"BG 1, Tract 2699.06, Los Angeles, CA",1574,569
15000US060372699062,"BG 2, Tract 2699.06, Los Angeles, CA",1424,237
15000US060372699071,"BG 1, Tract 2699.07, Los Angeles, CA",1349,284
15000US060372699072,"BG 2, Tract 2699.07, Los Angeles, CA",1204,283
15000US060372699081,"BG 1, Tract 2699.08, Los Angeles, CA",1342,312
15000US060372699082,"BG 2, Tract 2699.08, Los Angeles, CA",574,151
15000US060372699091,"BG 1, Tract 2699.09, Los Angeles, CA",583,315
15000US060372699092,"BG 2, Tract 2699.09, Los Angeles, CA",1505,558
15000US060372701011,"BG 1, Tract 2701.01, Los Angeles, CA",912,346
15000US060372701012,"BG 2, Tract 2701.01, Los Angeles, CA",884,238
15000US060372701021,"BG 1, Tract 2701.02, Los Angeles, CA",544,252
15000US060372701022,"BG 2, Tract 2701.02, Los Angeles, CA",1610,517
15000US060372702001,"BG 1, Tract 2702, Los Angeles, CA",1237,418
15000US060372702002,"BG 2, Tract 2702, Los Angeles, CA",921,442
15000US060372702003,"BG 3, Tract 2702, Los Angeles, CA",1448,399
15000US060372703001,"BG 1, Tract 2703, Los Angeles, CA",978,244
15000US060372703002,"BG 2, Tract 2703, Los Angeles, CA",1582,401
15000US060372711001,"BG 1, Tract 2711, Los Angeles, CA",880,208
15000US060372711002,"BG 2, Tract 2711, Los Angeles, CA",508,178
15000US060372711003,"BG 3, Tract 2711, Los Angeles, CA",929,276
15000US060372712001,"BG 1, Tract 2712, Los Angeles, CA",1135,291
15000US060372712002,"BG 2, Tract 2712, Los Angeles, CA",1360,480
15000US060372713001,"BG 1, Tract 2713, Los Angeles, CA",711,220
15000US060372713002,"BG 2, Tract 2713, Los Angeles, CA",1408,494
15000US060372713003,"BG 3, Tract 2713, Los Angeles, CA",1322,385
15000US060372713004,"BG 4, Tract 2713, Los Angeles, CA",1775,635
15000US060372714001,"BG 1, Tract 2714, Los Angeles, CA",704,314
15000US060372714002,"BG 2, Tract 2714, Los Angeles, CA",1092,246
15000US060372714003,"BG 3, Tract 2714, Los Angeles, CA",1407,300
15000US060372715001,"BG 1, Tract 2715, Los Angeles, CA",1101,316
15000US060372715002,"BG 2, Tract 2715, Los Angeles, CA",450,125
15000US060372715003,"BG 3, Tract 2715, Los Angeles, CA",1377,414
15000US060372716001,"BG 1, Tract 2716, Los Angeles, CA",790,209
15000US060372716002,"BG 2, Tract 2716, Los Angeles, CA",1010,257
15000US060372716003,"BG 3, Tract 2716, Los Angeles, CA",1034,428
15000US060372716004,"BG 4, Tract 2716, Los Angeles, CA",2536,430
15000US060372717021,"BG 1, Tract 2717.02, Los Angeles, CA",1460,359
15000US060372717022,"BG 2, Tract 2717.02, Los Angeles, CA",1112,266
15000US060372717023,"BG 3, Tract 2717.02, Los Angeles, CA",1721,279
15000US060372717031,"BG 1, Tract 2717.03, Los Angeles, CA",1320,377
15000US060372717032,"BG 2, Tract 2717.03, Los Angeles, CA",730,237
15000US060372717033,"BG 3, Tract 2717.03, Los Angeles, CA",704,225
15000US060372717041,"BG 1, Tract 2717.04, Los Angeles, CA",692,306
15000US060372717042,"BG 2, Tract 2717.04, Los Angeles, CA",2290,982
15000US060372718011,"BG 1, Tract 2718.01, Los Angeles, CA",1124,420
15000US060372718012,"BG 2, Tract 2718.01, Los Angeles, CA",1632,440
15000US060372718013,"BG 3, Tract 2718.01, Los Angeles, CA",612,263
15000US060372718031,"BG 1, Tract 2718.03, Los Angeles, CA",1037,321
15000US060372718032,"BG 2, Tract 2718.03, Los Angeles, CA",2151,529
15000US060372718041,"BG 1, Tract 2718.04, Los Angeles, CA",1082,283
15000US060372718042,"BG 2, Tract 2718.04, Los Angeles, CA",1211,327
15000US060372719011,"BG 1, Tract 2719.01, Los Angeles, CA",1159,386
15000US060372719012,"BG 2, Tract 2719.01, Los Angeles, CA",1439,327
15000US060372719013,"BG 3, Tract 2719.01, Los Angeles, CA",760,511
15000US060372719021,"BG 1, Tract 2719.02, Los Angeles, CA",623,241
15000US060372719022,"BG 2, Tract 2719.02, Los Angeles, CA",1349,277
15000US060372719023,"BG 3, Tract 2719.02, Los Angeles, CA",2015,398
15000US060372721001,"BG 1, Tract 2721, Los Angeles, CA",808,222
15000US060372721002,"BG 2, Tract 2721, Los Angeles, CA",817,284
15000US060372721003,"BG 3, Tract 2721, Los Angeles, CA",925,249
15000US060372721004,"BG 4, Tract 2721, Los Angeles, CA",1168,516
15000US060372721005,"BG 5, Tract 2721, Los Angeles, CA",723,330
15000US060372722011,"BG 1, Tract 2722.01, Los Angeles, CA",1260,317
15000US060372722012,"BG 2, Tract 2722.01, Los Angeles, CA",762,189
15000US060372722021,"BG 1, Tract 2722.02, Los Angeles, CA",703,179
15000US060372722022,"BG 2, Tract 2722.02, Los Angeles, CA",2331,521
15000US060372723011,"BG 1, Tract 2723.01, Los Angeles, CA",562,171
15000US060372723012,"BG 2, Tract 2723.01, Los Angeles, CA",1181,326
15000US060372723013,"BG 3, Tract 2723.01, Los Angeles, CA",1522,448
15000US060372723021,"BG 1, Tract 2723.02, Los Angeles, CA",2521,478
15000US060372723022,"BG 2, Tract 2723.02, Los Angeles, CA",1258,229
15000US060372731001,"BG 1, Tract 2731, Los Angeles, CA",613,213
15000US060372731002,"BG 2, Tract 2731, Los Angeles, CA",1541,398
15000US060372731003,"BG 3, Tract 2731, Los Angeles, CA",872,279
15000US060372732001,"BG 1, Tract 2732, Los Angeles, CA",468,151
15000US060372732002,"BG 2, Tract 2732, Los Angeles, CA",791,234
15000US060372732003,"BG 3, Tract 2732, Los Angeles, CA",553,239
15000US060372732004,"BG 4, Tract 2732, Los Angeles, CA",966,341
15000US060372733001,"BG 1, Tract 2733, Los Angeles, CA",1808,424
15000US060372733002,"BG 2, Tract 2733, Los Angeles, CA",461,268
15000US060372733003,"BG 3, Tract 2733, Los Angeles, CA",588,286
15000US060372734031,"BG 1, Tract 2734.03, Los Angeles, CA",745,257
15000US060372734032,"BG 2, Tract 2734.03, Los Angeles, CA",615,198
15000US060372734041,"BG 1, Tract 2734.04, Los Angeles, CA",935,335
15000US060372734042,"BG 2, Tract 2734.04, Los Angeles, CA",573,217
15000US060372735021,"BG 1, Tract 2735.02, Los Angeles, CA",913,298
15000US060372735022,"BG 2, Tract 2735.02, Los Angeles, CA",936,244
15000US060372735023,"BG 3, Tract 2735.02, Los Angeles, CA",722,173
15000US060372736001,"BG 1, Tract 2736, Los Angeles, CA",712,240
15000US060372736002,"BG 2, Tract 2736, Los Angeles, CA",636,212
15000US060372736003,"BG 3, Tract 2736, Los Angeles, CA",790,275
15000US060372737001,"BG 1, Tract 2737, Los Angeles, CA",596,189
15000US060372737002,"BG 2, Tract 2737, Los Angeles, CA",1029,348
15000US060372737003,"BG 3, Tract 2737, Los Angeles, CA",1126,297
15000US060372738001,"BG 1, Tract 2738, Los Angeles, CA",1706,308
15000US060372738002,"BG 2, Tract 2738, Los Angeles, CA",629,188
15000US060372738003,"BG 3, Tract 2738, Los Angeles, CA",610,225
15000US060372739021,"BG 1, Tract 2739.02, Los Angeles, CA",1068,332
15000US060372739022,"BG 2, Tract 2739.02, Los Angeles, CA",559,261
15000US060372739023,"BG 3, Tract 2739.02, Los Angeles, CA",818,496
15000US060372739024,"BG 4, Tract 2739.02, Los Angeles, CA",847,357
15000US060372739025,"BG 5, Tract 2739.02, Los Angeles, CA",946,299
15000US060372741001,"BG 1, Tract 2741, Los Angeles, CA",1016,403
15000US060372741002,"BG 2, Tract 2741, Los Angeles, CA",703,371
15000US060372741003,"BG 3, Tract 2741, Los Angeles, CA",628,274
15000US060372741004,"BG 4, Tract 2741, Los Angeles, CA",2018,829
15000US060372742021,"BG 1, Tract 2742.02, Los Angeles, CA",1803,403
15000US060372742022,"BG 2, Tract 2742.02, Los Angeles, CA",632,239
15000US060372742023,"BG 3, Tract 2742.02, Los Angeles, CA",656,279
15000US060372742024,"BG 4, Tract 2742.02, Los Angeles, CA",767,291
15000US060372751011,"BG 1, Tract 2751.01, Los Angeles, CA",935,147
15000US060372751021,"BG 1, Tract 2751.02, Los Angeles, CA",655,176
15000US060372751022,"BG 2, Tract 2751.02, Los Angeles, CA",2283,900
15000US060372751023,"BG 3, Tract 2751.02, Los Angeles, CA",1105,351
15000US060372752001,"BG 1, Tract 2752, Los Angeles, CA",1400,375
15000US060372752002,"BG 2, Tract 2752, Los Angeles, CA",1054,278
15000US060372752003,"BG 3, Tract 2752, Los Angeles, CA",1339,484
15000US060372753111,"BG 1, Tract 2753.11, Los Angeles, CA",936,263
15000US060372753112,"BG 2, Tract 2753.11, Los Angeles, CA",1196,495
15000US060372753113,"BG 3, Tract 2753.11, Los Angeles, CA",1152,393
15000US060372753114,"BG 4, Tract 2753.11, Los Angeles, CA",1521,381
15000US060372753121,"BG 1, Tract 2753.12, Los Angeles, CA",2042,203
15000US060372753131,"BG 1, Tract 2753.13, Los Angeles, CA",1994,779
15000US060372753132,"BG 2, Tract 2753.13, Los Angeles, CA",1589,406
15000US060372754001,"BG 1, Tract 2754, Los Angeles, CA",1238,299
15000US060372754002,"BG 2, Tract 2754, Los Angeles, CA",1371,632
15000US060372754003,"BG 3, Tract 2754, Los Angeles, CA",1878,491
15000US060372755001,"BG 1, Tract 2755, Los Angeles, CA",834,283
15000US060372755002,"BG 2, Tract 2755, Los Angeles, CA",650,255
15000US060372755003,"BG 3, Tract 2755, Los Angeles, CA",846,357
15000US060372755004,"BG 4, Tract 2755, Los Angeles, CA",2772,841
15000US060372756031,"BG 1, Tract 2756.03, Los Angeles, CA",823,183
15000US060372756032,"BG 2, Tract 2756.03, Los Angeles, CA",1242,379
15000US060372756033,"BG 3, Tract 2756.03, Los Angeles, CA",713,213
15000US060372756041,"BG 1, Tract 2756.04, Los Angeles, CA",1829,643
15000US060372756042,"BG 2, Tract 2756.04, Los Angeles, CA",1346,932
15000US060372756043,"BG 3, Tract 2756.04, Los Angeles, CA",7217,817
15000US060372756051,"BG 1, Tract 2756.05, Los Angeles, CA",1143,312
15000US060372756052,"BG 2, Tract 2756.05, Los Angeles, CA",1735,429
15000US060372760001,"BG 1, Tract 2760, Los Angeles, CA",2398,532
15000US060372760002,"BG 2, Tract 2760, Los Angeles, CA",1165,353
15000US060372760003,"BG 3, Tract 2760, Los Angeles, CA",968,341
15000US060372760004,"BG 4, Tract 2760, Los Angeles, CA",1181,347
15000US060372760005,"BG 5, Tract 2760, Los Angeles, CA",970,436
15000US060372761011,"BG 1, Tract 2761.01, Los Angeles, CA",2518,554
15000US060372761012,"BG 2, Tract 2761.01, Los Angeles, CA",906,363
15000US060372761021,"BG 1, Tract 2761.02, Los Angeles, CA",2422,507
15000US060372761022,"BG 2, Tract 2761.02, Los Angeles, CA",943,364
15000US060372764001,"BG 1, Tract 2764, Los Angeles, CA",759,266
15000US060372764002,"BG 2, Tract 2764, Los Angeles, CA",567,194
15000US060372764003,"BG 3, Tract 2764, Los Angeles, CA",1703,595
15000US060372764004,"BG 4, Tract 2764, Los Angeles, CA",688,262
15000US060372764005,"BG 5, Tract 2764, Los Angeles, CA",731,292
15000US060372765001,"BG 1, Tract 2765, Los Angeles, CA",1753,241
15000US060372765002,"BG 2, Tract 2765, Los Angeles, CA",2278,216
15000US060372765003,"BG 3, Tract 2765, Los Angeles, CA",1477,320
15000US060372766011,"BG 1, Tract 2766.01, Los Angeles, CA",1189,327
15000US060372766012,"BG 2, Tract 2766.01, Los Angeles, CA",1125,294
15000US060372766013,"BG 3, Tract 2766.01, Los Angeles, CA",783,209
15000US060372766014,"BG 4, Tract 2766.01, Los Angeles, CA",1004,294
15000US060372766051,"BG 1, Tract 2766.05, Los Angeles, CA",1269,273
15000US060372766052,"BG 2, Tract 2766.05, Los Angeles, CA",1192,852
15000US060372766061,"BG 1, Tract 2766.06, Los Angeles, CA",1567,291
15000US060372766062,"BG 2, Tract 2766.06, Los Angeles, CA",1817,311
15000US060372766071,"BG 1, Tract 2766.07, Los Angeles, CA",1782,433
15000US060372766072,"BG 2, Tract 2766.07, Los Angeles, CA",1097,305
15000US060372766081,"BG 1, Tract 2766.08, Los Angeles, CA",1874,389
15000US060372770001,"BG 1, Tract 2770, Los Angeles, CA",1585,1072
15000US060372770002,"BG 2, Tract 2770, Los Angeles, CA",1177,334
15000US060372770003,"BG 3, Tract 2770, Los Angeles, CA",1347,444
15000US060372770004,"BG 4, Tract 2770, Los Angeles, CA",540,232
15000US060372770005,"BG 5, Tract 2770, Los Angeles, CA",1365,425
15000US060372771001,"BG 1, Tract 2771, Los Angeles, CA",741,200
15000US060372771002,"BG 2, Tract 2771, Los Angeles, CA",1276,611
15000US060372771003,"BG 3, Tract 2771, Los Angeles, CA",1268,286
15000US060372772001,"BG 1, Tract 2772, Los Angeles, CA",1035,250
15000US060372772002,"BG 2, Tract 2772, Los Angeles, CA",761,329
15000US060372774001,"BG 1, Tract 2774, Los Angeles, CA",0,14
15000US060372774002,"BG 2, Tract 2774, Los Angeles, CA",0,14
15000US060372780011,"BG 1, Tract 2780.01, Los Angeles, CA",1035,263
15000US060372780012,"BG 2, Tract 2780.01, Los Angeles, CA",1314,299
15000US060372781021,"BG 1, Tract 2781.02, Los Angeles, CA",703,236
15000US060372781022,"BG 2, Tract 2781.02, Los Angeles, CA",1350,314
15000US060372781023,"BG 3, Tract 2781.02, Los Angeles, CA",920,271
15000US060372911101,"BG 1, Tract 2911.10, Los Angeles, CA",1959,543
15000US060372911102,"BG 2, Tract 2911.10, Los Angeles, CA",2233,748
15000US060372911201,"BG 1, Tract 2911.20, Los Angeles, CA",2041,402
15000US060372911301,"BG 1, Tract 2911.30, Los Angeles, CA",975,339
15000US060372911302,"BG 2, Tract 2911.30, Los Angeles, CA",1506,380
15000US060372911303,"BG 3, Tract 2911.30, Los Angeles, CA",752,261
15000US060372912101,"BG 1, Tract 2912.10, Los Angeles, CA",1330,630
15000US060372912102,"BG 2, Tract 2912.10, Los Angeles, CA",2245,635
15000US060372912103,"BG 3, Tract 2912.10, Los Angeles, CA",1191,380
15000US060372912201,"BG 1, Tract 2912.20, Los Angeles, CA",847,345
15000US060372912202,"BG 2, Tract 2912.20, Los Angeles, CA",1449,382
15000US060372912203,"BG 3, Tract 2912.20, Los Angeles, CA",646,306
15000US060372913001,"BG 1, Tract 2913, Los Angeles, CA",1064,239
15000US060372913002,"BG 2, Tract 2913, Los Angeles, CA",1211,314
15000US060372913003,"BG 3, Tract 2913, Los Angeles, CA",750,189
15000US060372920011,"BG 1, Tract 2920.01, Los Angeles, CA",2885,506
15000US060372920012,"BG 2, Tract 2920.01, Los Angeles, CA",1626,599
15000US060372920021,"BG 1, Tract 2920.02, Los Angeles, CA",1037,268
15000US060372920022,"BG 2, Tract 2920.02, Los Angeles, CA",931,444
15000US060372932031,"BG 1, Tract 2932.03, Los Angeles, CA",2133,438
15000US060372932032,"BG 2, Tract 2932.03, Los Angeles, CA",652,241
15000US060372932041,"BG 1, Tract 2932.04, Los Angeles, CA",2371,1583
15000US060372932042,"BG 2, Tract 2932.04, Los Angeles, CA",1323,471
15000US060372932051,"BG 1, Tract 2932.05, Los Angeles, CA",1934,395
15000US060372932052,"BG 2, Tract 2932.05, Los Angeles, CA",1438,575
15000US060372932061,"BG 1, Tract 2932.06, Los Angeles, CA",1084,368
15000US060372932062,"BG 2, Tract 2932.06, Los Angeles, CA",1612,478
15000US060372933011,"BG 1, Tract 2933.01, Los Angeles, CA",2556,234
15000US060372933021,"BG 1, Tract 2933.02, Los Angeles, CA",2511,388
15000US060372933022,"BG 2, Tract 2933.02, Los Angeles, CA",1985,790
15000US060372933041,"BG 1, Tract 2933.04, Los Angeles, CA",2994,810
15000US060372933042,"BG 2, Tract 2933.04, Los Angeles, CA",1802,332
15000US060372933061,"BG 1, Tract 2933.06, Los Angeles, CA",1226,349
15000US060372933062,"BG 2, Tract 2933.06, Los Angeles, CA",1198,322
15000US060372933071,"BG 1, Tract 2933.07, Los Angeles, CA",1346,318
15000US060372933072,"BG 2, Tract 2933.07, Los Angeles, CA",1186,718
15000US060372941101,"BG 1, Tract 2941.10, Los Angeles, CA",2305,591
15000US060372941102,"BG 2, Tract 2941.10, Los Angeles, CA",747,352
15000US060372941103,"BG 3, Tract 2941.10, Los Angeles, CA",814,236
15000US060372941201,"BG 1, Tract 2941.20, Los Angeles, CA",1542,682
15000US060372941202,"BG 2, Tract 2941.20, Los Angeles, CA",1076,287
15000US060372942001,"BG 1, Tract 2942, Los Angeles, CA",1051,413
15000US060372942002,"BG 2, Tract 2942, Los Angeles, CA",1984,740
15000US060372942003,"BG 3, Tract 2942, Los Angeles, CA",1271,359
15000US060372943011,"BG 1, Tract 2943.01, Los Angeles, CA",1167,294
15000US060372943012,"BG 2, Tract 2943.01, Los Angeles, CA",1631,444
15000US060372943021,"BG 1, Tract 2943.02, Los Angeles, CA",2323,687
15000US060372943022,"BG 2, Tract 2943.02, Los Angeles, CA",2167,415
15000US060372944101,"BG 1, Tract 2944.10, Los Angeles, CA",1982,744
15000US060372944102,"BG 2, Tract 2944.10, Los Angeles, CA",3160,548
15000US060372944211,"BG 1, Tract 2944.21, Los Angeles, CA",822,223
15000US060372944212,"BG 2, Tract 2944.21, Los Angeles, CA",1020,466
15000US060372944213,"BG 3, Tract 2944.21, Los Angeles, CA",852,302
15000US060372945101,"BG 1, Tract 2945.10, Los Angeles, CA",1849,674
15000US060372945102,"BG 2, Tract 2945.10, Los Angeles, CA",2512,737
15000US060372945201,"BG 1, Tract 2945.20, Los Angeles, CA",1695,398
15000US060372945202,"BG 2, Tract 2945.20, Los Angeles, CA",1868,411
15000US060372946101,"BG 1, Tract 2946.10, Los Angeles, CA",1395,460
15000US060372946102,"BG 2, Tract 2946.10, Los Angeles, CA",2964,826
15000US060372946201,"BG 1, Tract 2946.20, Los Angeles, CA",1423,529
15000US060372946202,"BG 2, Tract 2946.20, Los Angeles, CA",1095,345
15000US060372946203,"BG 3, Tract 2946.20, Los Angeles, CA",1342,579
15000US060372947011,"BG 1, Tract 2947.01, Los Angeles, CA",492,215
15000US060372947012,"BG 2, Tract 2947.01, Los Angeles, CA",1282,436
15000US060372947013,"BG 3, Tract 2947.01, Los Angeles, CA",918,266
15000US060372948101,"BG 1, Tract 2948.10, Los Angeles, CA",1769,470
15000US060372948102,"BG 2, Tract 2948.10, Los Angeles, CA",2061,342
15000US060372948201,"BG 1, Tract 2948.20, Los Angeles, CA",2171,519
15000US060372948202,"BG 2, Tract 2948.20, Los Angeles, CA",1104,389
15000US060372948301,"BG 1, Tract 2948.30, Los Angeles, CA",2387,681
15000US060372948302,"BG 2, Tract 2948.30, Los Angeles, CA",1540,449
15000US060372949001,"BG 1, Tract 2949, Los Angeles, CA",2492,338
15000US060372949002,"BG 2, Tract 2949, Los Angeles, CA",1553,497
15000US060372951031,"BG 1, Tract 2951.03, Los Angeles, CA",1620,370
15000US060372951032,"BG 2, Tract 2951.03, Los Angeles, CA",2090,557
15000US060372951033,"BG 3, Tract 2951.03, Los Angeles, CA",1371,477
15000US060372962101,"BG 1, Tract 2962.10, Los Angeles, CA",1765,523
15000US060372962102,"BG 2, Tract 2962.10, Los Angeles, CA",1600,570
15000US060372962201,"BG 1, Tract 2962.20, Los Angeles, CA",1093,441
15000US060372962202,"BG 2, Tract 2962.20, Los Angeles, CA",1759,407
15000US060372962203,"BG 3, Tract 2962.20, Los Angeles, CA",1272,333
15000US060372963001,"BG 1, Tract 2963, Los Angeles, CA",1148,315
15000US060372963002,"BG 2, Tract 2963, Los Angeles, CA",1653,874
15000US060372963003,"BG 3, Tract 2963, Los Angeles, CA",2302,465
15000US060372964011,"BG 1, Tract 2964.01, Los Angeles, CA",2116,450
15000US060372964012,"BG 2, Tract 2964.01, Los Angeles, CA",1135,386
15000US060372964021,"BG 1, Tract 2964.02, Los Angeles, CA",953,265
15000US060372964022,"BG 2, Tract 2964.02, Los Angeles, CA",610,224
15000US060372964023,"BG 3, Tract 2964.02, Los Angeles, CA",1612,478
15000US060372965001,"BG 1, Tract 2965, Los Angeles, CA",1115,393
15000US060372965002,"BG 2, Tract 2965, Los Angeles, CA",1965,529
15000US060372965003,"BG 3, Tract 2965, Los Angeles, CA",666,280
15000US060372966001,"BG 1, Tract 2966, Los Angeles, CA",1522,607
15000US060372966002,"BG 2, Tract 2966, Los Angeles, CA",1146,399
15000US060372966003,"BG 3, Tract 2966, Los Angeles, CA",1205,580
15000US060372966004,"BG 4, Tract 2966, Los Angeles, CA",1495,469
15000US060372969011,"BG 1, Tract 2969.01, Los Angeles, CA",2532,988
15000US060372969012,"BG 2, Tract 2969.01, Los Angeles, CA",875,296
15000US060372969013,"BG 3, Tract 2969.01, Los Angeles, CA",795,275
15000US060372969021,"BG 1, Tract 2969.02, Los Angeles, CA",2119,702
15000US060372969022,"BG 2, Tract 2969.02, Los Angeles, CA",1339,425
15000US060372969023,"BG 3, Tract 2969.02, Los Angeles, CA",1334,416
15000US060372970011,"BG 1, Tract 2970.01, Los Angeles, CA",1009,243
15000US060372970012,"BG 2, Tract 2970.01, Los Angeles, CA",685,233
15000US060372970021,"BG 1, Tract 2970.02, Los Angeles, CA",2010,704
15000US060372970022,"BG 2, Tract 2970.02, Los Angeles, CA",1417,519
15000US060372970023,"BG 3, Tract 2970.02, Los Angeles, CA",1081,507
15000US060372971101,"BG 1, Tract 2971.10, Los Angeles, CA",2213,495
15000US060372971102,"BG 2, Tract 2971.10, Los Angeles, CA",2371,721
15000US060372971201,"BG 1, Tract 2971.20, Los Angeles, CA",1849,391
15000US060372971202,"BG 2, Tract 2971.20, Los Angeles, CA",1668,506
15000US060372972011,"BG 1, Tract 2972.01, Los Angeles, CA",2705,475
15000US060372972012,"BG 2, Tract 2972.01, Los Angeles, CA",1259,316
15000US060372972021,"BG 1, Tract 2972.02, Los Angeles, CA",1288,348
15000US060372972022,"BG 2, Tract 2972.02, Los Angeles, CA",1911,676
15000US060372972023,"BG 3, Tract 2972.02, Los Angeles, CA",913,342
15000US060372973001,"BG 1, Tract 2973, Los Angeles, CA",1046,252
15000US060372973002,"BG 2, Tract 2973, Los Angeles, CA",1028,190
15000US060372974001,"BG 1, Tract 2974, Los Angeles, CA",396,198
15000US060372974002,"BG 2, Tract 2974, Los Angeles, CA",2330,417
15000US060372974003,"BG 3, Tract 2974, Los Angeles, CA",881,360
15000US060372975011,"BG 1, Tract 2975.01, Los Angeles, CA",498,218
15000US060372975012,"BG 2, Tract 2975.01, Los Angeles, CA",870,249
15000US060372975013,"BG 3, Tract 2975.01, Los Angeles, CA",1218,581
15000US060372975021,"BG 1, Tract 2975.02, Los Angeles, CA",1406,414
15000US060372975022,"BG 2, Tract 2975.02, Los Angeles, CA",1196,382
15000US060372976011,"BG 1, Tract 2976.01, Los Angeles, CA",1650,501
15000US060372976012,"BG 2, Tract 2976.01, Los Angeles, CA",852,297
15000US060372976013,"BG 3, Tract 2976.01, Los Angeles, CA",1054,492
15000US060372976021,"BG 1, Tract 2976.02, Los Angeles, CA",875,297
15000US060372976022,"BG 2, Tract 2976.02, Los Angeles, CA",1399,298
15000US060372976023,"BG 3, Tract 2976.02, Los Angeles, CA",1301,345
15000US060373017024,"BG 4, Tract 3017.02, Los Angeles, CA",1019,476
15000US060373201022,"BG 2, Tract 3201.02, Los Angeles, CA",1620,714
15000US060379304002,"BG 2, Tract 9304, Los Angeles, CA",534,210
15000US060379800081,"BG 1, Tract 9800.08, Los Angeles, CA",73,108
15000US060379800091,"BG 1, Tract 9800.09, Los Angeles, CA",5,6
15000US060379800101,"BG 1, Tract 9800.10, Los Angeles, CA",143,108
15000US060379800141,"BG 1, Tract 9800.14, Los Angeles, CA",40,58
15000US060379800151,"BG 1, Tract 9800.15, Los Angeles, CA",1111,177
15000US060379800171,"BG 1, Tract 9800.17, Los Angeles, CA",1362,144
15000US060379800191,"BG 1, Tract 9800.19, Los Angeles, CA",75,56
15000US060379800201,"BG 1, Tract 9800.20, Los Angeles, CA",0,14
15000US060379800211,"BG 1, Tract 9800.21, Los Angeles, CA",16,23
15000US060379800221,"BG 1, Tract 9800.22, Los Angeles, CA",0,14
15000US060379800231,"BG 1, Tract 9800.23, Los Angeles, CA",47,67
15000US060379800241,"BG 1, Tract 9800.24, Los Angeles, CA",205,132
15000US060379800261,"BG 1, Tract 9800.26, Los Angeles, CA",15,4
15000US060379800281,"BG 1, Tract 9800.28, Los Angeles, CA",0,14
15000US060379800311,"BG 1, Tract 9800.31, Los Angeles, CA",970,39
15000US060379800391,"BG 1, Tract 9800.39, Los Angeles, CA",0,14
15000US060379902000,"BG 0, Tract 9902, Los Angeles, CA",0,14
16000US0644000,"Los Angeles, CA",3857897,75
